scheme_name,government_level,state_or_ut,ministry_or_department,category,short_description,status_confidence,official_source_url,secondary_source_url,last_checked_date,age_min,age_max,gender,income_type,income_min,income_max,state_or_ut_requirement,domicile_requirement,district_requirement,social_category,occupation,employment_status,student_status,education_level,farmer_status,land_holding_requirement,disability_status,disability_percentage_min,marital_status,widow_status,bpl_status,rural_urban_requirement,minority_requirement,family_conditions,other_eligibility_conditions,benefit_type,benefit_summary,benefit_amount,application_method,official_application_url,confidence_notes
Mukhyamantri Kanya Sumangala Yojana,STATE,Uttar Pradesh,Department of Women Welfare,women|children|education,"Lifecycle financial support for eligible girl children at birth, immunisation and education milestones.",VERIFIED,https://mksy.up.gov.in/,,2026-09-19,,,FEMALE,FAMILY,,300000,Uttar Pradesh,true,,,,,,,,,,,,,,,,Generally limited to two girl children per family; scheme has specified exceptions.,Benefit is milestone-based across six categories; relevant birth/admission conditions apply to each stage.,DBT financial assistance,"Six milestone payments linked to birth, vaccination and education.","Total up to ₹25,000 across six stages",Online,https://mksy.up.gov.in/,Current official portal; installment values shown on official scheme portal.
Mukhyamantri Samuhik Vivah Yojana,STATE,Uttar Pradesh,Social Welfare Department,marriage|financial assistance|women,State assistance for eligible low-income couples participating in government-supported mass marriage programmes.,VERIFIED,https://information.up.gov.in/admin/UploadDocument/OtherPress/compressed_12022026010905Final%20Hindi%20Budget%202026-27.pdf,,2026-09-19,18,,FEMALE,FAMILY,,300000,Uttar Pradesh,true,,,,,,,,,,,UNMARRIED/ELIGIBLE FOR MARRIAGE,,,,,Income criterion and legally valid marriage-age requirements apply.,,Marriage assistance,Financial and in-kind support under mass marriage programme.,₹1.01 lakh per marriage (2026-27 budget provision),Through local body/district social welfare process,,2026-27 UP budget explicitly continues scheme and raises assistance to ₹1.01 lakh; income ceiling should be rechecked against latest district instructions.
Nirashrit Mahila Pension Yojana,STATE,Uttar Pradesh,Department of Women Welfare,widows|pension|social welfare,Monthly pension support for destitute women after the death of their husband.,VERIFIED,https://information.up.gov.in/admin/UploadDocument/OtherPress/compressed_1408202501560917_0001.pdf,,2026-09-19,,,FEMALE,,,,Uttar Pradesh,true,,,,LOW/NO REGULAR INCOME,,,,,,,WIDOWED,true,,,,,,Pension,Monthly social-security pension for eligible destitute widows.,"₹1,000 per month",Online/departmental pension process,,Recent UP government publication reports continuing payments to beneficiaries.
Uttar Pradesh Mukhyamantri Bal Seva Yojana,STATE,Uttar Pradesh,Department of Women Welfare,children|social welfare|education,"Support for children orphaned or who lost a parent due to COVID-19, including maintenance and education support.",LIKELY_ACTIVE,https://information.up.gov.in/admin/UploadDocument/OtherPress/compressed_1408202501560917_0001.pdf,,2026-09-19,0,18,,,,,Uttar Pradesh,true,,,,,CHILD/DEPENDENT,,,,,,,,,,,"Child lost mother, father or both due to COVID-19 under scheme rules.",,Monthly assistance|education support,Maintenance assistance plus education and other support.,"₹4,000 per month reported for covered children",District child-protection/women welfare process,,"State publication reports ongoing beneficiaries; original scheme is pandemic-linked, so intake/current eligibility window should be checked."
Uttar Pradesh Mukhyamantri Bal Seva Yojana (Samanya),STATE,Uttar Pradesh,Department of Women Welfare,children|social welfare,"State support for eligible vulnerable/orphaned children under the general, non-COVID child-service variant.",VERIFIED,https://information.up.gov.in/admin/UploadDocument/OtherPress/compressed_1408202501560917_0001.pdf,,2026-09-19,0,18,,,,,Uttar Pradesh,true,,,,,CHILD/DEPENDENT,,,,,,,,,,,Eligibility depends on orphanhood/vulnerability conditions defined by the general variant.,,Monthly financial assistance,Maintenance support and linked welfare services.,"₹2,500 per month reported",District child-protection/women welfare process,,"Recent state publication reports 66,753 beneficiaries under the general variant."
Rani Lakshmibai Mahila Evam Bal Samman Kosh,STATE,Uttar Pradesh,Department of Women Welfare,women|children|victim assistance,"Financial, medical, maintenance and rehabilitation support for women and children affected by serious crimes/violence.",VERIFIED,https://information.up.gov.in/admin/UploadDocument/OtherPress/compressed_1408202501560917_0001.pdf,,2026-09-19,,,FEMALE,,,,Uttar Pradesh,true,,,,,,,,,,,,,,,,,Victim of specified serious offences/violence; assistance depends on case and competent authority.,Compensation|medical and rehabilitation assistance,Case-based financial compensation and support.,,District/departmental case process,,Recent state publication reports payments in 2024-25 and 2025-26.
Mukhyamantri Krishak Durghatna Kalyan Yojana,STATE,Uttar Pradesh,Board of Revenue / Revenue Department,farmers|accident assistance,Accident compensation for eligible farmers and related agricultural households after accidental death or disability.,VERIFIED,https://bor.up.gov.in/KAS/Cm_Dashboard/Cm_Dashboard_Tahsil.aspx?Dist_Cd=N05ix4xYEgUhnC2Wwd%2FkeQ%3D%3D,,2026-09-19,,,,,,,Uttar Pradesh,true,,,FARMER/AGRICULTURAL HOUSEHOLD,,,,true,,,,,,,,,,Accidental death/disability and farmer/family linkage must satisfy scheme definitions.,Accident compensation,Compensation according to qualifying accidental death/disability.,,Revenue/tehsil application process,,Live Board of Revenue dashboard shows applications and approvals through September 2026.
Mukhyamantri Awas Yojana-Gramin,STATE,Uttar Pradesh,Rural Development Department,housing|rural development,Fully state-funded rural housing assistance for specified vulnerable households excluded from PMAY-G beneficiary lists.,VERIFIED,https://information.up.gov.in/admin/UploadDocument/OtherPress/compressed_18062025010328varshiki2.pdf,,2026-09-19,,,,,,,Uttar Pradesh,true,,,,,,,,,,,,,VULNERABLE/HOUSING-DEPRIVED,RURAL,,Targets roofless/kutcha/dilapidated-house families in specified vulnerable categories and eligible families excluded from PMAY-G lists.,"Includes listed vulnerable groups such as disaster-affected families, Van Tangia, Musahar, certain tribal/occupational groups, leprosy-affected and persons with disabilities under applicable rules.",Housing assistance,State-funded assistance for construction of rural pucca housing.,,Rural development / Gram Panchayat verification process,,Recent state publications report lakhs of completed houses and 2026 beneficiary distributions.
Vishwakarma Shram Samman Yojana 2.0,STATE,Uttar Pradesh,MSME & Export Promotion Department,artisans|skill development|self-employment,"Training, toolkit and enterprise finance support for traditional artisans and selected modern technical trades.",VERIFIED,https://msme1connect.up.gov.in/scheme-list/vishwakarma-shram-samman-yojana,,2026-09-19,18,,,,,,Uttar Pradesh,true,,,ARTISAN/TRADITIONAL OR ELIGIBLE TECHNICAL TRADE,,,,,,,,,,,,,,Applicant should not have received a toolkit under the scheme in the preceding two years; must belong to an eligible trade.,Training|toolkit|loan subsidy,Skill upgradation and tools; 2.0 also provides enterprise loan assistance.,Loan assistance up to ₹10 lakh with stated 15% margin-money support under 2.0,Online,https://www.diupmsme.upsdc.gov.in,Current UP MSME portal includes 2026-27 2.0 government order and eligibility.
Mukhyamantri Yuva Udyami Vikas Abhiyan (CM-YUVA),STATE,Uttar Pradesh,MSME & Export Promotion Department,entrepreneurship|self-employment|youth,State entrepreneurship programme providing subsidised/interest-supported loans to young residents establishing enterprises.,VERIFIED,https://msme1connect.up.gov.in/scheme-list/mukhyamantri-yuva-udyami-vikas-abhiyan,,2026-09-19,21,40,,,,,Uttar Pradesh,true,,,,ASPIRING ENTREPRENEUR,,CLASS 8 OR EQUIVALENT+,,,,,,,,,,,Should not simultaneously avail specified other government loan-subsidy schemes; trained applicants receive priority.,Enterprise loan|interest subsidy,Interest-supported enterprise finance in phased loan bands.,Phase 1 up to ₹5 lakh; Phase 2 ₹10–20 lakh under current portal,Online,https://www.diupmsme.upsdc.gov.in,Current UP MSME portal provides eligibility and current assistance structure.
Mukhyamantri Yuva Swarojgar Yojana,STATE,Uttar Pradesh,MSME & Export Promotion Department,entrepreneurship|self-employment,Credit-linked support for setting up industry and service-sector self-employment projects.,VERIFIED,https://msme1connect.up.gov.in/Incentive/IncentiveDetails?Benefit=2,,2026-09-19,,,,,,,Uttar Pradesh,true,,,,ASPIRING ENTREPRENEUR,,,,,,,,,,,,,Project and applicant must meet current Directorate of Industries conditions.,Loan|margin-money subsidy,Loan support for industry/service projects with margin-money assistance.,Loans up to ₹25 lakh (industry) / ₹10 lakh (service); margin money up to applicable caps,Online through UP MSME/Directorate of Industries,,Listed as a current UP financial-support scheme on 2026 MSME portal; detailed eligibility should be checked before production use.
ODOP Margin Money Scheme,STATE,Uttar Pradesh,MSME & Export Promotion Department,MSME|artisans|entrepreneurship,Credit-linked margin-money assistance for enterprises producing the district's designated One District One Product item.,VERIFIED,https://msme1connect.up.gov.in/scheme-list/financial-assistance-scheme-for-one-district-one-product-%28odop-margin-money-scheme%29,,2026-09-19,18,,,,,,Uttar Pradesh,true,Unit must produce the ODOP-designated product for its district.,,ARTISAN/ENTREPRENEUR,,,,,,,,,,,,,,Applicant/entity should not be a defaulter of eligible banks/financial or government institutions.,Margin-money subsidy|loan facilitation,Project-cost-linked margin-money subsidy for ODOP units.,25% up to ₹6.25 lakh for projects up to ₹25 lakh; tiered support for larger projects,Online,https://www.diupmsme.upsdc.gov.in,Current official UP MSME scheme page with eligibility and benefit tiers.
ODOP Training and Toolkit Scheme,STATE,Uttar Pradesh,MSME & Export Promotion Department,artisans|skill development,Skill training and modern toolkit support for artisans connected with district-specific ODOP products.,VERIFIED,https://msme1connect.up.gov.in/scheme/up-scheme,,2026-09-19,,,,,,,Uttar Pradesh,true,,,ODOP ARTISAN/WORKER,,,,,,,,,,,,,,Must be associated with an eligible ODOP product/trade; current batch rules may vary.,Training|toolkit,Skill development and toolkit distribution for ODOP artisans.,,Online through UP MSME portal,,Listed as a current state skill-development scheme on the 2026 UP MSME portal.
"Matritva, Shishu Evam Balika Madad Yojana (UP BOCW)",STATE,Uttar Pradesh,Building & Other Construction Workers Welfare Board,labour|maternity|children,"Maternity, newborn and girl-child assistance for eligible registered construction workers and their families.",VERIFIED,https://www.vidhanparishad.up.gov.in/question-answer,,2026-09-19,,,,,,,Uttar Pradesh,true,,,REGISTERED CONSTRUCTION WORKER,,,,,,,,,,,,,,BOCW registration and scheme-specific maternity/child conditions apply.,Maternity and child financial assistance,"Financial support related to maternity, newborn care and girl child.",,UP BOCW board process,,Scheme is listed among BOCW welfare schemes with expenditure in recent state legislative records; board website updated July 2026.
Sant Ravidas Shiksha Protsahan Yojana (UP BOCW),STATE,Uttar Pradesh,Building & Other Construction Workers Welfare Board,labour|education,Education assistance for children/dependants of eligible registered construction workers.,VERIFIED,https://www.vidhanparishad.up.gov.in/question-answer,,2026-09-19,,,,,,,Uttar Pradesh,true,,,REGISTERED CONSTRUCTION WORKER/DEPENDENT,,true,,,,,,,,,,,,Parent/guardian must satisfy BOCW registration and contribution requirements; course/class conditions apply.,Education assistance,Education-linked financial support to eligible worker families.,,UP BOCW board process,,Current BOCW scheme list evidenced in state legislative material.
Kanya Vivah Sahayata Yojana (UP BOCW),STATE,Uttar Pradesh,Building & Other Construction Workers Welfare Board,labour|marriage assistance|women,Marriage assistance for eligible daughters/female registered construction workers.,VERIFIED,https://www.vidhanparishad.up.gov.in/question-answer,,2026-09-19,18,,FEMALE,,,,Uttar Pradesh,true,,,REGISTERED CONSTRUCTION WORKER/DEPENDENT,,,,,,,,ELIGIBLE FOR MARRIAGE,,,,,,,Marriage assistance,Financial assistance toward qualifying marriage expenses.,,UP BOCW board process,,Listed with substantial recent expenditure by the state construction-worker welfare board.
Nirman Kamgar Gambhir Bimari Sahayata Yojana (UP BOCW),STATE,Uttar Pradesh,Building & Other Construction Workers Welfare Board,labour|healthcare,Financial support for treatment of specified serious illnesses of registered construction workers/dependants.,VERIFIED,https://www.vidhanparishad.up.gov.in/question-answer,,2026-09-19,,,,,,,Uttar Pradesh,true,,,REGISTERED CONSTRUCTION WORKER/DEPENDENT,,,,,,,,,,,,,,Serious illness and treatment documentation must meet board rules.,Medical financial assistance,Case-based support for serious illness treatment.,,UP BOCW board process,,Scheme appears in recent official BOCW expenditure listings.
"Nirman Kamgar Mrityu, Viklangta Sahayata Evam Akshamta Pension Yojana (UP BOCW)",STATE,Uttar Pradesh,Building & Other Construction Workers Welfare Board,labour|disability|death assistance|pension,"Death, disability and incapacity support for registered construction workers and eligible dependants.",VERIFIED,https://www.vidhanparishad.up.gov.in/question-answer,,2026-09-19,,,,,,,Uttar Pradesh,true,,,REGISTERED CONSTRUCTION WORKER,,,,,,QUALIFYING DISABILITY/INCAPACITY,,,,,,,,,Death/disability assistance|pension,"Compensation or pension depending on death, disability or incapacity condition.",,UP BOCW board process,,Official state legislative records list this as an operating BOCW scheme.
Antyeshti Sahayata Yojana (UP BOCW),STATE,Uttar Pradesh,Building & Other Construction Workers Welfare Board,labour|funeral assistance,Funeral assistance following the death of an eligible registered construction worker.,VERIFIED,https://www.vidhanparishad.up.gov.in/question-answer,,2026-09-19,,,,,,,Uttar Pradesh,true,,,REGISTERED CONSTRUCTION WORKER,,,,,,,,,,,,,Claim normally made by eligible nominee/family after worker death.,,Funeral assistance,One-time funeral support.,,UP BOCW board process,,Official BOCW scheme list and recent expenditure support current operation.
Mukhyamantri Kanya Utthan Yojana,STATE,Bihar,Social Welfare / Education Department,women|girls|education,"Umbrella girl-child support programme linking birth, health, school participation and higher-education incentives.",LIKELY_ACTIVE,https://state.bihar.gov.in/cache/1/Media%20Gallery/Publications/women-empowerment.pdf,,2026-09-19,,,FEMALE,,,,Bihar,true,,,,,CONDITIONAL BY STAGE,,,,,,,,,,,Several components are limited by stage and family/beneficiary conditions; use component-specific verification.,,DBT financial assistance|education incentives,Multiple lifecycle incentives for girls from birth through education.,,Department/DBT portals depending on component,,Well-established state scheme; current component amounts and exact stage rules should be refreshed before production use.
Mukhyamantri Balika Cycle Yojana,STATE,Bihar,Education Department,students|girls|education,Cycle-purchase assistance for eligible girl students entering the specified secondary-school class.,LIKELY_ACTIVE,https://state.bihar.gov.in/cache/1/Media%20Gallery/Publications/women-empowerment.pdf,,2026-09-19,,,FEMALE,,,,Bihar,true,,,,,true,CLASS 9,,,,,,,,,,,Must be enrolled in an eligible Bihar school under current education-department rules.,Education mobility assistance,Cash assistance for purchase of a bicycle.,,School/education department DBT process,,Official Bihar publications document the scheme; latest amount/current-year circular should be rechecked.
Mukhyamantri Balak Cycle Yojana,STATE,Bihar,Education Department,students|boys|education,Cycle-purchase assistance for eligible male students at the secondary-school stage.,LIKELY_ACTIVE,https://state.bihar.gov.in/educationbihar/cache/18/LetterPdf/04Jul201334052.pdf,,2026-09-19,,,MALE,,,,Bihar,true,,,,,true,CLASS 9,,,,,,,,,,,Enrollment and attendance/current education-department conditions apply.,Education mobility assistance,Cash assistance for purchase of a bicycle.,,School/education department DBT process,,Official scheme documentation exists but the surfaced source is old; current-year continuation should be rechecked.
Mukhyamantri Poshak Yojana,STATE,Bihar,Education Department,students|education|school welfare,DBT assistance for uniforms/stationery for eligible government-supported school students.,VERIFIED,https://state.bihar.gov.in/cache/1/Smart%20City/Cabinet%20Decisions/d13082025.pdf,,2026-09-19,,,,,,,Bihar,true,,,,,true,SCHOOL,,,,,,,,,,,Current year attendance and enrollment conditions apply; 2025-26 cabinet decision used 75% attendance over the specified period for classes 2–8.,Uniform/stationery assistance,DBT support to purchase school uniform and related items.,,School/education department DBT process,,Recent Bihar cabinet decision explicitly continues the scheme.
Bihar Student Credit Card Yojana,STATE,Bihar,Higher Education / Education Finance,students|higher education|education loan,State-supported education credit for Bihar students pursuing approved higher studies.,VERIFIED,https://www.7nishchay-yuvaupmission.bihar.gov.in/logOut,,2026-09-19,,,,,,,Bihar,true,,,,,true,HIGHER EDUCATION,,,,,,,,,,,Permanent Bihar resident; qualifying education and approved course/institution conditions apply.,Education loan,State-supported student credit for higher education.,,Online + DRCC verification,https://www.7nishchay-yuvaupmission.bihar.gov.in/,Current live 7 Nishchay portal and dashboard.
Mukhyamantri Nishchay Swayam Sahayata Bhatta Yojana,STATE,Bihar,Planning & Development / Youth Mission,unemployment|youth|financial assistance,Temporary monthly allowance for eligible unemployed Bihar youth while seeking employment.,VERIFIED,https://www.7nishchay-yuvaupmission.bihar.gov.in/logOut,,2026-09-19,20,25,,,,,Bihar,true,,,,UNEMPLOYED,NOT ENROLLED IN HIGHER EDUCATION,CLASS 12 PASS / eligible graduate categories under amended rules,,,,,,,,,,,Permanent Bihar resident; mandatory KYP training; 2025 amendment expanded educational eligibility.,Unemployment allowance,Monthly assistance for a limited period while seeking work.,"₹1,000 per month for up to 2 years",Online + DRCC verification,https://www.7nishchay-yuvaupmission.bihar.gov.in/,Current portal plus 2025 cabinet amendment.
Kushal Yuva Program (KYP),STATE,Bihar,Labour Resources / Youth Mission,skill development|youth,"Basic employability, communication, IT and soft-skills training for eligible Bihar youth.",VERIFIED,https://www.7nishchay-yuvaupmission.bihar.gov.in/logOut,,2026-09-19,15,25,,,,,Bihar,true,,,,,NOT CONTINUING FORMAL EDUCATION under core eligibility,CLASS 10 OR CLASS 12 PASS/DROPOUT,,,,,,,,,,,,Skill training,Structured employability and life-skills training.,,Online + DRCC verification,https://www.7nishchay-yuvaupmission.bihar.gov.in/,Current official portal; age/education wording taken from portal.
Mukhyamantri Udyami Yojana,STATE,Bihar,Department of Industries,entrepreneurship|MSME|self-employment,"Enterprise assistance umbrella covering SC/ST, EBC, women, youth, minorities and persons with disabilities through category-specific components.",VERIFIED,https://udyami.bihar.gov.in/,,2026-09-19,,,,,,,Bihar,true,,,,ASPIRING ENTREPRENEUR,,INTERMEDIATE OR EQUIVALENT / specified technical alternatives under guidelines,,,,,,,,,,,Category-specific component rules apply; permanent residence and required certificates are mandatory. Divyangjan component requires UDID and at least 40% disability.,Enterprise grant/loan assistance,Project finance and support for setting up eligible enterprises.,,Online,https://udyami.bihar.gov.in/,Official portal shows active 2025-26 selection and 2026 updates.
Bihar Laghu Udyami Yojana,STATE,Bihar,Department of Industries,livelihood|micro-enterprise|poverty alleviation,State micro-enterprise support for eligible economically poor families to start small livelihood activities.,VERIFIED,https://udyami.bihar.gov.in/,,2026-09-19,,,,,,,Bihar,true,,,,LOW-INCOME / ASPIRING MICRO-ENTREPRENEUR,,,,,,,,,,,,,Eligibility is tied to state-defined poor-family identification and programme selection rules.,Micro-enterprise financial assistance,Staged financial support to establish a small enterprise.,,Online through Udyami portal,https://udyami.bihar.gov.in/,Current official Udyami portal lists BLUY alongside MMUY; exact current income/selection threshold should be read from latest BLUY guidelines.
Mukhyamantri Vridhjan Pension Yojana,STATE,Bihar,Social Welfare Department,senior citizens|pension,State old-age pension for Bihar residents aged 60+ who are not receiving specified government pensions.,VERIFIED,https://serviceonline.bihar.gov.in/getServiceDesc.html?serviceId=4710004,,2026-09-19,60,,,,,,Bihar,true,,,,NOT RECEIVING DISQUALIFYING GOVERNMENT PENSION,,,,,,,,,,,,,Not receiving pension/family pension/social-security pension disallowed by the scheme.,Pension,Monthly old-age pension.,,RTPS/online/kiosk/hand submission,,Bihar ServicePlus currently offers social security pension applications; amount should be checked against latest pension revision.
Bihar Shatabdi Kushth Kalyan Yojana,STATE,Bihar,Social Welfare Department,healthcare|disability|financial assistance,Monthly assistance for leprosy-affected persons with qualifying Grade-II visible deformity.,NEEDS_REVIEW,https://state.bihar.gov.in/cache/39/Chhatra%20Yojna/Mukhyamantri%20Samajik%20Sahayata%20Evam%20Protsahan%20Chhatra%20Yojna/BSLWS.pdf,,2026-09-19,,,,,,,Bihar,true,,,,,,,,,LEPROSY WITH VISIBLE DEFORMITY GRADE-II,,,,,,,,Qualifying leprosy disability status must be certified.,Monthly financial assistance,Monthly support for qualifying persons.,"₹1,500 per month in official guideline",RTPS/block office process,,"Scheme is official, but the surfaced detailed guideline is older; current benefit rate/status should be reconfirmed."
Mukhyamantri Divyangjan Sashaktikaran Chhatra Yojana 'Sambal',STATE,Bihar,Social Welfare Department,disability|assistive devices|mobility,Assistive-device and mobility support for eligible persons with disabilities under Bihar's Sambal umbrella.,VERIFIED,https://state.bihar.gov.in/cache/1/Smart%20City/Cabinet%20Decisions/D03102025.pdf,,2026-09-19,,,,,,,Bihar,true,,,,,,,,,true,,,,,,,,Device-specific disability/medical and documentation criteria apply.,Assistive devices|mobility support,Includes battery-operated tricycles and other approved assistive devices.,,Social Welfare Department / district process,,2025 cabinet decision expanded device provisions and approved additional expenditure.
Mukhyamantri Gramin Awas Yojana,STATE,Bihar,Rural Development Department,housing|rural development,State rural housing assistance for specified eligible families left out of central rural housing coverage and certain prior beneficiaries with dilapidated homes.,VERIFIED,https://state.bihar.gov.in/rdd/CitizenHome.html,,2026-09-19,,,,,,,Bihar,true,,SC|ST|EBC (among defined beneficiary groups),,,,,,,,,,,,RURAL,,,Targets qualifying households under state waiting-list/left-out rules; specific resolutions define covered groups and cases.,Housing assistance,Financial assistance for rural house construction/reconstruction.,,Rural Development Department / local verification,,Current Bihar RDD site highlights active state resolution for MAY-G.
Mukhyamantri Chikitsa Sahayata Kosh,STATE,Bihar,Health Department,healthcare|financial assistance,State medical assistance fund for eligible patients requiring financial support for specified treatment.,VERIFIED,https://state.bihar.gov.in/health/CitizenHome.html,,2026-09-19,,,,,,,Bihar,true,,,,,,,,,,,,,,,,,"Disease/treatment, hospital and financial eligibility are case-specific under fund guidelines.",Medical financial assistance,Case-based treatment assistance.,,Health Department / medical assistance fund process,,Current Bihar Health Department site lists the Chief Minister's Medical Assistance Fund.
Mukhyamantri Pichhda Varg Medhavriti Yojana,STATE,Bihar,BC & EBC Welfare Department,students|OBC welfare|scholarship,Merit incentive for eligible Backward Class students under Bihar state welfare programmes.,VERIFIED,https://state.bihar.gov.in/cache/1/Smart%20City/Cabinet%20Decisions/dd29012026.pdf,,2026-09-19,,,,FAMILY,,300000,Bihar,true,,BC,,,true,,,,,,,,,,,,Merit/exam and course conditions apply under departmental rules.,Scholarship/merit incentive,Financial incentive for qualifying meritorious BC students.,,BC & EBC Welfare Department process,,January 2026 cabinet decision raised annual family income ceiling to ₹3 lakh from FY 2026-27.
Mukhyamantri Atyant Pichhda Varg Medhavriti Yojana,STATE,Bihar,BC & EBC Welfare Department,students|EBC welfare|scholarship,Merit incentive for qualifying Extremely Backward Class students.,VERIFIED,https://state.bihar.gov.in/bcebcwelfare/CitizenHome.html,,2026-09-19,,,,,,,Bihar,true,,EBC,,,true,,,,,,,,,,,,Merit/exam and departmental eligibility conditions apply.,Scholarship/merit incentive,Financial merit support for qualifying EBC students.,,BC & EBC Welfare Department process,,Listed among the department's main current schemes on a page updated August 2026.
Mukhyamantri Atyant Pichhda Varg Civil Seva Protsahan Yojana,STATE,Bihar,BC & EBC Welfare Department,competitive exams|EBC welfare|financial assistance,One-time preparation incentive for EBC candidates who clear preliminary stages of specified competitive examinations.,VERIFIED,https://state.bihar.gov.in/cache/41/Department%20Info/Schemes/varsik2025s.pdf,,2026-09-19,,,,,,,Bihar,true,,EBC,,,COMPETITIVE EXAM CANDIDATE,,,,,,,,,,,,Must clear a covered preliminary examination; scheme has been expanded beyond BPSC/UPSC to additional notified exams.,Exam preparation incentive,One-time financial assistance after clearing covered preliminary exams.,"₹50,000 for BPSC PT and ₹1,00,000 for UPSC Civil Services PT in documented rules",BC & EBC Welfare Department process,,Recent department annual material describes expanded current coverage.
Mukhyamantri Pichhda Varg Evam Atyant Pichhda Varg Chhatravas Anudan Yojana,STATE,Bihar,BC & EBC Welfare Department,students|hostel|OBC/EBC welfare,Monthly hostel grant for eligible BC/EBC students residing in covered welfare hostels.,VERIFIED,https://state.bihar.gov.in/cache/1/Smart%20City/Cabinet%20Decisions/dd29012026.pdf,,2026-09-19,,,,,,,Bihar,true,,BC|EBC,,,true,,,,,,,,,,,,Must be an eligible student in a covered departmental hostel.,Hostel grant,Monthly support for hostel-resident students.,"₹2,000 per student per month from FY 2025-26",Through covered welfare hostel/department,,"January 2026 cabinet decision explicitly revises the monthly grant to ₹2,000."
Mukhyamantri Pichhda Varg Evam Atyant Pichhda Varg Kaushal Vikas Yojana,STATE,Bihar,BC & EBC Welfare Department,skill development|OBC/EBC welfare,Skill-development programme for eligible Backward and Extremely Backward Class youth.,VERIFIED,https://state.bihar.gov.in/bcebcwelfare/CitizenHome.html,,2026-09-19,,,,,,,Bihar,true,,BC|EBC,,YOUTH/TRAINEE,,,,,,,,,,,,,,Skill training,Department-supported vocational/skill development.,,BC & EBC Welfare Department / training centre process,,Listed among current departmental schemes on page updated August 2026.
Mukhyamantri Ladli Behna Yojana,STATE,Madhya Pradesh,Women & Child Development Department,women|financial assistance,Direct monthly income support for eligible adult women of Madhya Pradesh.,VERIFIED,https://www.cmhelpline.mp.gov.in/KnowYourEntitleDetail.aspx?Schemeid=964&pointvalue=4&status=BySchemeFor,,2026-09-19,,,FEMALE,,,,Madhya Pradesh,true,,,,,,,,,,,,,,,,,"Age, marital/family, tax/asset and other exclusions apply under current scheme rules.",Monthly DBT,Monthly direct financial support to eligible women.,,Scheme portal/local camp/department process,,Current MP CM Helpline scheme page and 2026 payment-resolution records confirm operation; current amount/exclusion thresholds should be read from live guidelines.
Mukhyamantri Ladli Laxmi Yojana,STATE,Madhya Pradesh,Women & Child Development Department,girls|education|social welfare,"Long-term state support for eligible girl children to improve education, health and social outcomes.",VERIFIED,https://www.cmhelpline.mp.gov.in/Schmedetail.aspx?Schemeid=246,,2026-09-19,,,FEMALE,,,,Madhya Pradesh,true,,,,,GIRL CHILD / STUDENT BY STAGE,,,,,,,,,,,Family-planning/birth-order and specified exception rules apply.,,Lifecycle financial assistance|education support,Stage-based financial support for eligible girls.,,Women & Child Development scheme process,,Current MP scheme dashboard lists the scheme and eligibility framework.
Mukhyamantri Bal Ashirwad Yojana,STATE,Madhya Pradesh,Women & Child Development Department,children|orphan support|education,After-care and sponsorship support for eligible orphaned/vulnerable children leaving child-care institutions or living with guardians.,VERIFIED,https://www.cmhelpline.mp.gov.in/Schmegrid.aspx?pointvalue=5&status=BySchemeBenifits,,2026-09-19,,,,,,,Madhya Pradesh,true,,,,,CHILD/YOUTH,,,,,,,,,,,,Eligibility differs between after-care and sponsorship components.,Financial assistance|education/after-care support,"Support for education, transition and maintenance of eligible children/youth.",,Women & Child Development Department process,,Listed as a current beneficiary scheme on MP CM Helpline; detailed component thresholds should be checked in live guidelines.
Mukhyamantri Kisan Kalyan Yojana,STATE,Madhya Pradesh,Revenue Department,farmers|agriculture|financial assistance,"State income support for eligible farmers, complementary to agricultural welfare objectives.",VERIFIED,https://www.cmhelpline.mp.gov.in/Schmedetail.aspx?Schemeid=606,,2026-09-19,,,,,,,Madhya Pradesh,true,,,FARMER,,,,true,,,,,,,,,,Current beneficiary linkage and land/farmer-record conditions apply.,Farmer income support,Periodic financial assistance to eligible farmers.,,Revenue/agriculture-linked beneficiary system,,Current MP government scheme dashboard.
Mukhyamantri Seekho Kamao Yojana,STATE,Madhya Pradesh,"Technical Education, Skill Development & Employment Department",skill development|youth|employment,On-the-job training programme placing eligible youth with registered establishments and paying a stipend.,VERIFIED,https://www.cmhelpline.mp.gov.in/Schmedetail.aspx?Schemeid=975,,2026-09-19,18,29,,,,,Madhya Pradesh,true,,,,TRAINEE,,CLASS 12 / ITI OR HIGHER,,,,,,,,,,,,OJT training|stipend,On-the-job training with stipend and training support.,,Online,https://mmsky.mp.gov.in,"Current official page provides age, residency and education eligibility."
Mukhyamantri Udyam Kranti Yojana,STATE,Madhya Pradesh,"Micro, Small & Medium Enterprises Department",entrepreneurship|self-employment,Collateral-free bank-linked finance and interest support for educated youth setting up enterprises/self-employment.,VERIFIED,https://cmhelpline.mp.gov.in/Schmedetail.aspx?Schemeid=915,,2026-09-19,,,,,,,Madhya Pradesh,true,,,,ASPIRING ENTREPRENEUR,,,,,,,,,,,,,,Enterprise loan|interest subsidy,Bank finance with state support to reduce credit cost.,,MSME/online departmental process,,Current MP scheme dashboard; numeric age/income limits omitted here because current snippet did not expose them.
Mukhyamantri Medhavi Vidyarthi Yojana,STATE,Madhya Pradesh,"Technical Education, Skill Development & Employment Department",students|higher education|fee assistance,Higher-education fee support for meritorious Madhya Pradesh students meeting qualifying academic and family criteria.,VERIFIED,https://www.cmhelpline.mp.gov.in/Schmedetail.aspx?Schemeid=878,,2026-09-19,,,,,,,Madhya Pradesh,true,,,,,true,HIGHER EDUCATION,,,,,,,,,,,Board/JEE/NEET/other merit thresholds and family-income conditions vary by course and current rules.,Tuition/fee assistance,Payment/reimbursement of eligible higher-education fees.,,State scholarship/MMVY portal,,Current MP scheme dashboard; course-specific numeric thresholds should be pulled from latest guideline.
Gaon Ki Beti Yojana,STATE,Madhya Pradesh,Higher Education Department,students|girls|rural education,Annual incentive for rural girl students who passed Class 12 with qualifying marks and continue higher education.,VERIFIED,https://cmhelpline.mp.gov.in/Schmedetail.aspx?Schemeid=48,,2026-09-19,,,FEMALE,,,,Madhya Pradesh,true,,,,,true,CLASS 12 PASS / HIGHER EDUCATION,,,,,,,,RURAL,,,At least 60% in Class 12 and rural-resident certificate required.,Education incentive,Monthly-rate scholarship paid for ten months.,"₹5,000 per year (₹500/month for 10 months) on official page",Higher Education scholarship process,,Current official scheme page.
Pratibha Kiran Yojana,STATE,Madhya Pradesh,Higher Education Department,students|girls|urban poor|scholarship,Higher-education incentive for qualifying girls from below-poverty-line urban families who scored at least 60% in Class 12.,VERIFIED,https://cmhelpline.mp.gov.in/Schmedetail.aspx?Schemeid=50,,2026-09-19,,,FEMALE,,,,Madhya Pradesh,true,,,,,true,CLASS 12 PASS / HIGHER EDUCATION,,,,,,,true,URBAN,,,At least 60% in Class 12 and urban residence.,Education incentive,Scholarship/incentive for continuing higher education.,,Higher Education scholarship process,,Current official scheme page.
Mukhyamantri Jan Kalyan (Sambal 2.0) Yojana,STATE,Madhya Pradesh,Labour Department,labour|social security,Social-security umbrella for registered unorganised workers not otherwise covered by specified social-security funds.,VERIFIED,https://www.cmhelpline.mp.gov.in/Schmedetail.aspx?Schemeid=694,,2026-09-19,,,,,,,Madhya Pradesh,true,,,REGISTERED UNORGANISED WORKER,,,,,,,,,,,,,,Registration and exclusion from specified other social-security funds apply.,Social-security benefits,Multiple family-support benefits including assistance linked to life events and contingencies.,,Sambal/Jan Kalyan labour process,,Current official MP scheme page.
Mukhyamantri Kanya Abhibhavak Pension Yojana,STATE,Madhya Pradesh,Social Justice & Disabled Persons Welfare Department,senior citizens|parents|pension,Social-security pension for eligible parents whose only children are daughters and who meet scheme conditions.,VERIFIED,https://cmhelpline.mp.gov.in/Schmedetail.aspx?Schemeid=372,,2026-09-19,,,,,,,Madhya Pradesh,true,,,,,,,,,,,,,,,,"Couple/parent has only daughters; pension is designed for parents after daughters' marriage, subject to current conditions.",,Pension,Monthly social-security pension.,,Social Justice Department/local body process,,Current MP scheme dashboard.
Mukhyamantri Kanya Vivah Yojana,STATE,Madhya Pradesh,Social Justice & Disabled Persons Welfare Department,marriage assistance|women,State marriage assistance for eligible low-income women/couples through approved marriage processes.,VERIFIED,https://www.socialjustice.mp.gov.in/social-assistance,,2026-09-19,18,,FEMALE,,,,Madhya Pradesh,true,,,,,,,,,,,ELIGIBLE FOR MARRIAGE,,,,,,Income/category and programme/event requirements apply under current rules.,Marriage assistance,Financial/in-kind support for qualifying marriages.,,Local body/Social Justice Department,,Listed in current MP Social Justice social-assistance scheme list.
Mukhyamantri Kalyani Vivah Sahayata Yojana,STATE,Madhya Pradesh,Social Justice & Disabled Persons Welfare Department,widows|remarriage|financial assistance,Financial assistance to support remarriage of eligible widowed women (Kalyani).,VERIFIED,https://www.cmhelpline.mp.gov.in/KnowYourEntitleGrid.aspx?pointvalue=x&status=JanSeva,,2026-09-19,,,FEMALE,,,,Madhya Pradesh,true,,,,,,,,,,,WIDOWED / REMARRIAGE,true,,,,,,Remarriage assistance,One-time marriage support.,,Social Justice Department process,,Current MP Jan Seva eligibility grid lists the scheme.
Nishaktjan Vivah Protsahan Yojana,STATE,Madhya Pradesh,Social Justice & Disabled Persons Welfare Department,disability|marriage assistance,Marriage incentive for qualifying persons with disabilities marrying a disabled or non-disabled spouse.,VERIFIED,https://www.cmhelpline.mp.gov.in/KnowYourEntitleDetail.aspx?Schemeid=367&pointvalue=5&status=BySchemeBenifits,,2026-09-19,18,,,,,,Madhya Pradesh,true,,,,,,,,,true,40,MARRIED WITHIN APPLICATION WINDOW,,,,,,Male applicant must be at least 21; female at least 18; applicant must not be an income-tax payer; apply within one year of marriage.,Marriage incentive,One-time incentive based on disability status of spouse(s).,"₹2,00,000 where one spouse is disabled; ₹1,00,000 jointly where both are disabled (official page)",Departmental application,http://socialjustice.mp.gov.in,Official page updated January 2026.
Mukhyamantri Nishakt Shiksha Protsahan Yojana,STATE,Madhya Pradesh,Social Justice & Disabled Persons Welfare Department,disability|education,Education-support scheme for eligible students/persons with disabilities.,VERIFIED,https://cmhelpline.mp.gov.in/KnowYourEntitleGrid.aspx?pointvalue=x&status=JanSeva,,2026-09-19,,,,,,,Madhya Pradesh,true,,,,,true,,,,true,,,,,,,,,Education assistance,Education-related financial/support benefits for qualifying persons with disabilities.,,Social Justice Department process,,Listed in current MP Jan Seva scheme grid; detailed current amount requires scheme-detail lookup.
Mukhyamantri Awasiy Bhu-Adhikar Yojana,STATE,Madhya Pradesh,Revenue Department,housing|land rights|rural development,Residential plot rights for eligible rural families lacking an independent home/plot.,VERIFIED,https://cmhelpline.mp.gov.in/KnowYourEntitleDetail.aspx?Schemeid=973&pointvalue=2&status=ByVibhag,,2026-09-19,,,,,,,Madhya Pradesh,true,,,,,,,,Household generally must not own more than 5 acres; other exclusions apply.,,,,,,RURAL,,No independent suitable residence; other PDS/tax/land and household exclusions in guideline.,,Residential land right,Grant of residential plot/land-right documentation to eligible rural households.,,Revenue Department / Gram Panchayat process,,Current official scheme detail page; eligibility list is more extensive than the normalized fields.
Mukhyamantri Nagriya Bhu-Adhikar Yojana,STATE,Madhya Pradesh,Revenue Department,urban development|land rights,Provides lease/land-right regularisation for eligible occupants of government/nazul land in urban areas.,VERIFIED,https://www.cmhelpline.mp.gov.in/KnowYourEntitleDetail.aspx?Schemeid=972&pointvalue=1&status=BySchemeFor,,2026-09-19,,,,,,,Madhya Pradesh,true,,,,,,,,,,,,,,URBAN,,,Must satisfy eligible possession/land-category and urban revenue rules.,Urban land/lease right,Permanent lease/land-right documentation for qualifying urban plot holders.,,Revenue/urban local process,,Current MP official scheme page.
Domestic Violence Victim Assistance Scheme,STATE,Madhya Pradesh,Women & Child Development Department,women|victim assistance,State assistance for eligible women affected by domestic violence.,VERIFIED,https://www.cmhelpline.mp.gov.in/Schmegrid.aspx?pointvalue=5&status=BySchemeBenifits,,2026-09-19,,,FEMALE,,,,Madhya Pradesh,true,,,,,,,,,,,,,,,,,Domestic-violence victim status and case/authority verification required.,Financial/support assistance,Assistance to women affected by domestic violence.,,Women & Child Development / protection-officer process,,Listed as a current beneficiary scheme on MP CM Helpline; exact benefit formula should be checked from scheme detail.
Palanhar Yojana,STATE,Rajasthan,Social Justice & Empowerment Department / Child Rights,children|care support|social welfare,Monthly support to eligible caregivers (Palanhar) raising orphaned or otherwise vulnerable children within a family environment.,VERIFIED,https://sje.rajasthan.gov.in/Default.aspx?PageID=1156,,2026-09-19,,,,,,,Rajasthan,true,,,,,CHILD/DEPENDENT,,,,,,,,,,,Child must fall in one of the notified vulnerable categories and be cared for by an eligible Palanhar; education/age conditions apply.,,Child maintenance assistance,Recurring maintenance/education support for eligible children.,,Online/SJMS/e-Mitra,https://sje.rajasthan.gov.in/,Official Palanhar page updated August 2026; Jan Soochna also exposes eligibility/service information.
Mukhyamantri Kanyadan Yojana,STATE,Rajasthan,Social Justice & Empowerment Department,marriage assistance|women|social welfare,Marriage assistance for eligible daughters/women from notified disadvantaged families and beneficiary categories.,VERIFIED,https://sje.rajasthan.gov.in/siteadmin/Uploads/202402191205395916.pdf,,2026-09-19,18,,FEMALE,,,,Rajasthan,true,,SC|ST|MINORITY|other eligible categories,,,,,,,,,ELIGIBLE FOR MARRIAGE,,BPL/ANTYODAYA/ASTHA OR OTHER NOTIFIED ELIGIBILITY,,,"Generally assistance for up to two eligible daughters; additional categories include daughters of economically weak widows, persons with disabilities, Palanhar beneficiaries and women sportspersons.",,Marriage assistance,Financial assistance toward eligible marriages.,,SJMS/e-Mitra,,Current department lists CM Kanyadan as an online beneficiary scheme; eligibility quoted from official SJMS manual.
Dr. Savita Ben Ambedkar Inter-Caste Marriage Scheme,STATE,Rajasthan,Social Justice & Empowerment Department,inter-caste marriage|social inclusion,State incentive for eligible inter-caste marriages meeting notified caste and marriage conditions.,VERIFIED,https://sje.rajasthan.gov.in/default.aspx?pageid=161,,2026-09-19,,,,,,,Rajasthan,true,,,,,,,,,,,MARRIED,,,,,,"Marriage must meet notified inter-caste combination, registration, residence and application-window conditions.",Marriage incentive,One-time financial incentive for qualifying inter-caste couples.,,SJMS/e-Mitra,,Current official online-schemes page lists Inter-caste Marriage Scheme; exact amount/combination rules should be read from latest guideline.
Mukhyamantri Anuprati Coaching Yojana,STATE,Rajasthan,Social Justice & Empowerment / Higher Education,coaching|students|competitive exams,State-funded coaching support for eligible students preparing for competitive examinations and professional-course entrance tests.,VERIFIED,https://sje.rajasthan.gov.in/default.aspx?pageid=161,,2026-09-19,,,,,,,Rajasthan,true,,,,,true,,,,,,,,,,,,"Category, merit, income and exam/course conditions apply according to current Anuprati rules.",Coaching assistance,Coaching fees/support for qualifying competitive and entrance examinations.,,Online through state scholarship/SJMS process,,Current official page lists Anuprati and revised rules.
Mukhyamantri Ekal Nari Samman Pension Yojana,STATE,Rajasthan,Social Justice & Empowerment Department,widows|single women|pension,"State social-security pension for eligible widowed, divorced or deserted women.",VERIFIED,https://sje.rajasthan.gov.in/siteadmin/Uploads/202406061513245452.pdf,,2026-09-19,18,,FEMALE,SELF+SPOUSE/FAMILY AS APPLICABLE,,48000,Rajasthan,true,,,,,,,,,,,WIDOWED|DIVORCED|DESERTED,,,,,,Income exemptions apply to specified BPL/Antyodaya/Astha and vulnerable categories; disqualifications can apply where applicant/son is certain government employee/pensioner.,Pension,Monthly state social-security pension.,,e-Mitra/Jan Aadhaar based online application,,2024 revised state pension rules plus current SJE portal; current pension rate intentionally left blank.
Mukhyamantri Vishesh Yogyajan Samman Pension Yojana,STATE,Rajasthan,Social Justice & Empowerment Department,disability|pension,State pension for eligible persons with benchmark disabilities and certain additional notified conditions.,VERIFIED,https://sje.rajasthan.gov.in/siteadmin/Uploads/202109111338281207.pdf,,2026-09-19,,,,INDIVIDUAL/FAMILY,,60000,Rajasthan,true,,,,,,,,,true,40,,,,,,,Also covers notified dwarfism/transgender and certain conditions; income exemptions apply for specified vulnerable categories.,Pension,"Monthly pension, rate varying by age/condition.",,e-Mitra/Jan Aadhaar,,"Scheme remains in current pension application documentation; detailed eligibility source is older, so current income/rate should be reconfirmed before production."
Mukhyamantri Vridhjan Samman Pension Yojana,STATE,Rajasthan,Social Justice & Empowerment Department,senior citizens|pension,State old-age social-security pension for eligible Rajasthan residents meeting age and income conditions.,VERIFIED,https://sje.rajasthan.gov.in/siteadmin/Uploads/202406061513245452.pdf,,2026-09-19,55,,,SELF+SPOUSE,,48000,Rajasthan,true,,,,,,,,,,,,,,,,,Age threshold differs by sex under state rules; normalized age_min stores the lower threshold and should not replace sex-specific rule logic.,Pension,Monthly old-age pension.,,e-Mitra/Jan Aadhaar,,2024 revised state pension rules and current application documentation; sex-specific age thresholds should be implemented as conditional rules.
Mukhyamantri Self Employment Scheme for Specially Abled Persons,STATE,Rajasthan,Directorate of Specially Abled Persons / SJE,disability|self-employment|loan assistance,Self-employment support for eligible persons with disabilities.,VERIFIED,https://sje.rajasthan.gov.in/default.aspx?pageid=161,,2026-09-19,,,,,,,Rajasthan,true,,,,ASPIRING SELF-EMPLOYED,,,,,true,,,,,,,,"Disability certification, residence and project/financial conditions apply.",Self-employment financial assistance,Loan/subsidy assistance for eligible self-employment activity.,,Online/SJMS/e-Mitra,,Listed as a current individual-beneficiary scheme on official SJE online-schemes page.
Astha Card Scheme,STATE,Rajasthan,Directorate of Specially Abled Persons / SJE,disability|social welfare,State entitlement/card support for families with multiple/qualifying persons with disabilities under notified conditions.,VERIFIED,https://sje.rajasthan.gov.in/default.aspx?pageid=161,,2026-09-19,,,,,,,Rajasthan,true,,,,,,,,,true,,,,,,,Eligibility depends on number/severity of disabled family members and current Astha rules.,,Entitlement card / linked welfare benefits,Access to specified concessions/benefits for eligible families.,,Online/SJMS/e-Mitra,,Current official SJE online-schemes page lists Astha Card Scheme; exact family/disability threshold needs latest guideline.
Devnarayan Girls Scooty and Incentive Scheme,STATE,Rajasthan,College Education Department,students|girls|higher education,Scooty and education incentive scheme for qualifying girl students from notified Devnarayan beneficiary communities/categories.,VERIFIED,https://hte.rajasthan.gov.in/HTE/30992,,2026-09-19,,,FEMALE,,,,Rajasthan,true,,NOTIFIED DEVNARAYAN BENEFICIARY COMMUNITIES,,,true,HIGHER EDUCATION,,,,,,,,,,,"Academic merit, category, Rajasthan residence and course/institution conditions apply.",Scooty|education incentive,Scooty distribution and/or incentive based on merit and scheme rules.,,State scholarship portal/College Education,,Final 2025-26 merit list published July 2026 on official Higher Education portal.
Kali Bai Bheel Medhavi Chhatra Scooty Yojana,STATE,Rajasthan,Higher Education / partner welfare departments,students|girls|merit,Scooty award for meritorious girl students across notified social categories and departmental quotas.,VERIFIED,https://hte.rajasthan.gov.in/HTE/30992,,2026-09-19,,,FEMALE,,,,Rajasthan,true,,,,,true,CLASS 10/12 PASS + HIGHER EDUCATION,,,,,,,,,,,"Merit cut-offs, category, board, course and income conditions vary by administering department.",Scooty award,Scooty and related support for selected meritorious girls.,,State scholarship portal,,Official final/cut-off lists for 2025-26 published July 2026.
Mukhyamantri Uchcha Shiksha Scholarship Yojana,STATE,Rajasthan,College Education Department,students|higher education|scholarship,State higher-education scholarship for eligible meritorious students from lower-income families.,LIKELY_ACTIVE,https://hte.rajasthan.gov.in/HTE/30992,,2026-09-19,,,,,,,Rajasthan,true,,,,,true,HIGHER EDUCATION,,,,,,,,,,,"Board merit, Rajasthan residence, regular study and family-income conditions apply.",Scholarship,Recurring higher-education scholarship.,,State scholarship portal,,"Long-running College Education scheme; current portal hosts scholarship section, but this search did not surface a 2026 scheme-specific notice."
Ambedkar DBT Voucher Yojana,STATE,Rajasthan,Social Justice & Empowerment / College Education,students|housing support|higher education,DBT support toward accommodation/food for eligible college students studying away from home.,LIKELY_ACTIVE,https://janaadhaar.rajasthan.gov.in/content/raj/janaadhaar/en/performance-dashboard/jan-aadhaar-services1.html,,2026-09-19,,,,,,,Rajasthan,true,,,,,true,COLLEGE/HIGHER EDUCATION,,,,,,,,STUDYING AWAY FROM HOME,,,"Category, income, institution and distance/residence conditions apply under current guidelines.",DBT accommodation support,Monthly/periodic voucher-style financial support for lodging and subsistence.,,State scholarship/SSO process,,State Jan Aadhaar integration/current scheme ecosystem supports continued operation; exact 2026 rates/criteria should be verified.
Mukhyamantri Nari Shakti Udyam Protsahan Yojana,STATE,Rajasthan,Women Empowerment Department,women|entrepreneurship|MSME,Entrepreneurship finance/incentive support for eligible women establishing or expanding enterprises.,VERIFIED,https://janaadhaar.rajasthan.gov.in/content/raj/janaadhaar/en/performance-dashboard/jan-aadhaar-services1.html,,2026-09-19,,,FEMALE,,,,Rajasthan,true,,,,ASPIRING/EXISTING WOMAN ENTREPRENEUR,,,,,,,,,,,,,,Enterprise finance/subsidy,Financial support for women-led enterprises.,,Women Empowerment/SSO/financial institution process,,Listed as a Jan Aadhaar-integrated state scheme on current Rajasthan portal; numeric loan/subsidy terms omitted pending exact current guideline.
Mukhyamantri Krishak Sathi Sahayata Yojana,STATE,Rajasthan,Agriculture Marketing Department,farmers|accident assistance,Financial assistance to eligible farmers/agricultural persons or families in specified accident/death/disability circumstances.,VERIFIED,https://janaadhaar.rajasthan.gov.in/content/raj/janaadhaar/en/performance-dashboard/jan-aadhaar-services1.html,,2026-09-19,,,,,,,Rajasthan,true,,,FARMER/AGRICULTURAL WORK,,,,true,,,,,,,,,,Qualifying accident/death/disability and agriculture-related eligibility conditions apply.,Accident/contingency assistance,Case-based financial assistance.,,Agriculture Marketing Department / local market committee process,,Listed as a current Jan Aadhaar-integrated state scheme.
Mukhyamantri Beej Swavlamban Yojana,STATE,Rajasthan,Agriculture Department,farmers|agriculture|seeds,Promotes farmer self-reliance in quality seed production/distribution through organised farmer groups and support.,VERIFIED,https://janaadhaar.rajasthan.gov.in/content/raj/janaadhaar/en/performance-dashboard/jan-aadhaar-services1.html,,2026-09-19,,,,,,,Rajasthan,true,,,FARMER,,,,true,,,,,,,,,,Eligible crop/seed production group and agriculture-department conditions apply.,Agricultural input/seed support,Support for quality seed production and availability.,,Agriculture Department process,,Listed as a current Jan Aadhaar-integrated Agriculture Department scheme.
Incentive to Girls Studying Agriculture,STATE,Rajasthan,Agriculture Department,students|girls|agriculture education,Financial incentive for eligible girl students pursuing agriculture education at notified levels.,VERIFIED,https://janaadhaar.rajasthan.gov.in/content/raj/janaadhaar/en/performance-dashboard/jan-aadhaar-services1.html,,2026-09-19,,,FEMALE,,,,Rajasthan,true,,,,,true,AGRICULTURE EDUCATION,,,,,,,,,,,,Education incentive,Financial incentive to encourage girls in agriculture studies.,,Agriculture Department / education institution process,,Listed as a current Jan Aadhaar-integrated state scheme; current amount varies by study level and is not guessed here.
Mahatma Jyotiba Phule Mandi Shramik Kalyan Yojana,STATE,Rajasthan,Agriculture Marketing Department,labour|market workers|social welfare,Welfare assistance for eligible mandi labourers/workers and their families.,VERIFIED,https://janaadhaar.rajasthan.gov.in/content/raj/janaadhaar/en/performance-dashboard/jan-aadhaar-services1.html,,2026-09-19,,,,,,,Rajasthan,true,,,REGISTERED/ELIGIBLE MANDI WORKER,,,,,,,,,,,,,,Worker registration and benefit-specific conditions apply.,Worker welfare assistance,Multiple welfare benefits for eligible mandi workers/families.,,Agriculture Marketing / mandi committee process,,Listed as a current Jan Aadhaar-integrated state scheme.
Camel Conservation Scheme,STATE,Rajasthan,Animal Husbandry Department,livestock|farmers|animal welfare,State assistance intended to support camel conservation and eligible camel rearers.,VERIFIED,https://janaadhaar.rajasthan.gov.in/content/raj/janaadhaar/en/performance-dashboard/jan-aadhaar-services1.html,,2026-09-19,,,,,,,Rajasthan,true,,,CAMEL REARER/LIVESTOCK KEEPER,,,,,,,,,,,,,,Camel ownership/registration and animal-husbandry conditions apply.,Livestock conservation assistance,Financial/in-kind support connected with camel conservation.,,Animal Husbandry Department process,,Listed as a current Jan Aadhaar-integrated Animal Husbandry scheme.
Mukhyamantri Ayushman Durghatna Bima Yojana,STATE,Rajasthan,State Insurance & Provident Fund / Medical & Health ecosystem,insurance|accident protection,State accident-insurance protection for eligible covered Rajasthan residents/families under the state health/social-protection ecosystem.,VERIFIED,https://janaadhaar.rajasthan.gov.in/content/raj/janaadhaar/en/performance-dashboard/jan-aadhaar-services1.html,,2026-09-19,,,,,,,Rajasthan,true,,,,,,,,,,,,,,,,,Coverage is linked to eligible state beneficiary/Jan Aadhaar categories and insured-event definitions.,Accident insurance,Insurance compensation for covered accidental death/disability events.,,Jan Aadhaar/state insurance claim process,,Listed as a current Jan Aadhaar-integrated scheme; exact coverage amounts should be read from latest policy document.
Mukhyamantri Laghu Seemant Vriddh Krishak Samman Pension Yojana,STATE,Rajasthan,Social Justice & Empowerment Department,farmers|senior citizens|pension,State pension for eligible elderly small and marginal farmers.,VERIFIED,https://sje.rajasthan.gov.in/siteadmin/Uploads/202402061153483977.pdf,,2026-09-19,,,,,,,Rajasthan,true,,,SMALL/MARGINAL FARMER,,,,true,,,,,,,,,,"Age, landholding classification, income and pension exclusions apply under scheme rules.",Pension,Monthly pension to eligible elderly small/marginal farmers.,,e-Mitra/Jan Aadhaar,,Included in current Rajasthan pension-application documentation; numeric age/land limits should be verified from latest dedicated rule set.
Distance Education Scheme for Girls,STATE,Rajasthan,College Education Department,students|girls|distance education,Support for eligible women/girl students pursuing approved distance education programmes.,LIKELY_ACTIVE,https://janaadhaar.rajasthan.gov.in/content/raj/janaadhaar/en/performance-dashboard/jan-aadhaar-services1.html,,2026-09-19,,,FEMALE,,,,Rajasthan,true,,,,,true,DISTANCE HIGHER EDUCATION,,,,,,,,,,,"Course, institution and other current departmental conditions apply.",Education support,Financial/fee support for eligible distance education.,,College Education / scholarship process,,Listed among Jan Aadhaar-integrated state schemes; exact current benefit structure needs review.
Mukhyamantri Majhi Ladki Bahin Yojana,STATE,Maharashtra,Women & Child Development Department,women|financial assistance,Monthly income support for eligible women in Maharashtra.,VERIFIED,https://ahilyanagar.maharashtra.gov.in/en/government-schemes/,,2026-09-19,21,65,FEMALE,,,,Maharashtra,true,,,,,,,,,,,,,,,,,,DBT cash assistance,Monthly financial support to eligible women.,"₹1,500 per month",Online/local facilitation,,Current Maharashtra government scheme listing and state economic survey evidence.
Lek Ladki Yojana,STATE,Maharashtra,Women & Child Development Department,girls|children|education,Lifecycle financial support for eligible girl children in yellow/orange ration-card families.,VERIFIED,https://zpthane.maharashtra.gov.in/en/women-and-child-development-department/,,2026-09-19,,,FEMALE,FAMILY_ANNUAL,,100000,Maharashtra,true,,,,,,,,,,,,,,,,One or two eligible daughters subject to family-planning and birth-date conditions.,Yellow or orange ration card; milestone-specific school and unmarried conditions.,Lifecycle DBT,Payments at birth and education milestones through age 18.,"Total ₹1,01,000",Anganwadi/WCD process,,
Mukhyamantri Yuva Karya Prashikshan Yojana,STATE,Maharashtra,"Skills, Employment, Entrepreneurship & Innovation Department",youth|employment|training,State work-training programme for eligible youth.,VERIFIED,https://ahilyanagar.maharashtra.gov.in/en/government-schemes/,,2026-09-19,,,,,,,Maharashtra,true,,,,YOUTH/TRAINEE,,,,,,,,,,,,,,Training|stipend,Workplace training and stipend support.,,Online/state employment portal,,
Mukhyamantri Teerth Darshan Yojana,STATE,Maharashtra,Social Justice / State Government,senior citizens|social welfare,State-supported pilgrimage assistance for eligible senior citizens.,VERIFIED,https://ahilyanagar.maharashtra.gov.in/en/government-schemes/,,2026-09-19,,,,,,,Maharashtra,true,,,,,,,,,,,,,,,,,,Travel assistance,Supported pilgrimage for eligible residents.,,District/state application process,,
Mukhyamantri Vayoshree Yojana,STATE,Maharashtra,Social Justice & Special Assistance Department,senior citizens|assistive devices,Assistance for eligible senior citizens for mobility/assistive needs.,VERIFIED,https://mahadbt.maharashtra.gov.in/,,2026-09-19,65,,,,,,Maharashtra,true,,,,,,,,,,,,,,,,,,Financial/assistive support,Support for approved assistive devices and daily-living aids.,,MahaDBT/department process,,
Mukhyamantri Baliraja Vij Savalat Yojana,STATE,Maharashtra,Energy Department,farmers|electricity|agriculture,State electricity concession/support for eligible agricultural consumers.,VERIFIED,https://ahilyanagar.maharashtra.gov.in/en/government-schemes/,,2026-09-19,,,,,,,Maharashtra,true,,,FARMER,,,,true,,,,,,,,,,,Electricity subsidy,Electricity cost relief for eligible agricultural consumers.,,,,
Mukhyamantri Annapurna Yojana,STATE,Maharashtra,"Food, Civil Supplies / State Government",food security|household assistance,State support for eligible households for cooking-fuel related welfare.,VERIFIED,https://ahilyanagar.maharashtra.gov.in/en/government-schemes/,,2026-09-19,,,,,,,Maharashtra,true,,,,,,,,,,,,,,,,,,Household subsidy,State household support under Annapurna programme.,,,,Scheme currently listed by Maharashtra government; detailed household rules should be rechecked before production use.
Shiv Bhojan Yojana,STATE,Maharashtra,"Food, Civil Supplies & Consumer Protection Department",food security|urban welfare,Affordable cooked meals at designated Shiv Bhojan centres.,VERIFIED,https://divcomcsn.maharashtra.gov.in/en/schemes-programmes/schemes-under-the-department-of-food/,,2026-09-19,,,,,,,Maharashtra,false,,,,,,,,,,,,,,,,,,Subsidized meal,Standard meal at subsidized price.,₹10 per thali,Walk-in at Shiv Bhojan centres,,
APL Farmer Direct Benefit Scheme,STATE,Maharashtra,"Food, Civil Supplies & Consumer Protection Department",farmers|food security|financial assistance,Cash support for eligible APL farmer households in notified farmer-suicide-affected districts not covered by NFSA.,VERIFIED,https://divcomcsn.maharashtra.gov.in/en/schemes-programmes/schemes-under-the-department-of-food/,,2026-09-19,,,,,,,Maharashtra,true,Notified farmer-suicide-affected districts,,FARMER,,,,true,,,,,,,,,,,DBT cash assistance,Monthly cash transfer instead of foodgrain entitlement.,₹170 per beneficiary per month from April 2024,,,
Namo Shetkari Mahasanman Nidhi Yojana,STATE,Maharashtra,Agriculture Department,farmers|income support,Maharashtra state farmer income-support top-up programme.,VERIFIED,https://mahadbt.maharashtra.gov.in/,,2026-09-19,,,,,,,Maharashtra,true,,,FARMER,,,,true,,,,,,,,,,,Farmer income support,State financial support for eligible farmer beneficiaries.,,MahaDBT/agriculture-linked system,,
Birsa Munda Krishi Kranti Yojana,STATE,Maharashtra,Agriculture Department,farmers|tribal welfare|agriculture,State agricultural development support targeted to eligible tribal farmers.,VERIFIED,https://mahadbt.maharashtra.gov.in/,,2026-09-19,,,,,,,Maharashtra,true,,ST,,,,,true,,,,,,,,,,,Agricultural asset/input assistance,Support for eligible farm improvement components.,,,,
Dr. Babasaheb Ambedkar Krushi Swavalamban Yojana,STATE,Maharashtra,Agriculture Department,farmers|SC welfare|agriculture,Agricultural self-reliance assistance for eligible Scheduled Caste farmers.,VERIFIED,https://mahadbt.maharashtra.gov.in/,,2026-09-19,,,,,,,Maharashtra,true,,SC,,,,,true,,,,,,,,,,,Agricultural asset/input assistance,Support for eligible farm infrastructure and inputs.,,,,
Bhausaheb Fundkar Phalbaag Lagvad Yojana,STATE,Maharashtra,Agriculture Department,farmers|horticulture,State assistance to farmers for orchard/fruit plantation establishment.,VERIFIED,https://mahadbt.maharashtra.gov.in/,,2026-09-19,,,,,,,Maharashtra,true,,,FARMER,,,,true,,,,,,,,,,,Horticulture subsidy,Assistance for eligible fruit plantation establishment.,,,,
State Agriculture Mechanization Scheme,STATE,Maharashtra,Agriculture Department,farmers|mechanization,State support for agricultural machinery and mechanization components.,VERIFIED,https://mahadbt.maharashtra.gov.in/,,2026-09-19,,,,,,,Maharashtra,true,,,,,,,true,,,,,,,,,,,Machinery subsidy,Subsidy/support for eligible farm machinery.,,,,
Chief Minister Sustainable Agriculture Irrigation Scheme,STATE,Maharashtra,Agriculture Department,farmers|irrigation,State assistance for sustainable irrigation assets for eligible farmers.,VERIFIED,https://mahadbt.maharashtra.gov.in/,,2026-09-19,,,,,,,Maharashtra,true,,,,,,,true,,,,,,,,,,,Irrigation assistance,Support for approved irrigation infrastructure/components.,,,,
Khauti Anudan Yojana,STATE,Maharashtra,Tribal Development Department,tribal welfare|food/livelihood assistance,Assistance programme for eligible tribal households.,VERIFIED,https://mahadbt.maharashtra.gov.in/,,2026-09-19,,,,,,,Maharashtra,true,,ST,,,,,,,,,,,,,,,,Financial/in-kind assistance,State support for eligible tribal households.,,,,Current MahaDBT landing page lists the scheme; exact component rules vary.
Maharashtra Apprenticeship Promotion Scheme,STATE,Maharashtra,"Skills, Employment, Entrepreneurship & Innovation Department",skill development|employment,State programme to promote apprenticeships and support trainees/employers.,VERIFIED,https://mahadbt.maharashtra.gov.in/,,2026-09-19,,,,,,,Maharashtra,true,,,,APPRENTICE/TRAINEE,,,,,,,,,,,,,,Apprenticeship support,State support linked to apprenticeship participation.,,,,
Rajarshi Chhatrapati Shahu Maharaj Shikshan Shulkh Shishyavrutti Yojna (EBC),STATE,Maharashtra,Higher & Technical Education Department,students|EBC|fee assistance,Fee assistance for eligible economically weaker/open-category students in approved higher education.,VERIFIED,https://mahadbt.maharashtra.gov.in/,,2026-09-19,,,,,,,Maharashtra,true,,,,,true,HIGHER EDUCATION,,,,,,,,,,,,Fee reimbursement,Tuition/exam fee support subject to scheme rules.,,,,
Dr. Panjabrao Deshmukh Vasatigruh Nirvah Bhatta Yojna,STATE,Maharashtra,Higher & Technical Education Department,students|hostel|financial assistance,"Hostel/maintenance allowance for eligible professional-course students, including specified farmer/labour families.",VERIFIED,https://mahadbt.maharashtra.gov.in/SchemeData/SchemeData?str=E9DDFA703C38E51A3D30C2CB15631E4E31F4E2AFF5E4258B33E89887D583052E,,2026-09-19,,,,,,,Maharashtra,true,,,,,true,PROFESSIONAL HIGHER EDUCATION,,,,,,,,,,,Includes specified marginal-farmer or registered-labour parent categories and other course/institution rules.,Hostel/maintenance allowance,Food and residence allowance varying by study location.,,,,
State Minority Scholarship Part II,STATE,Maharashtra,Minority Development Department / Higher Education,students|minority welfare|scholarship,State scholarship for eligible minority students in higher education.,VERIFIED,https://mahadbt.maharashtra.gov.in/,,2026-09-19,,,,,,,Maharashtra,true,,,,,true,HIGHER EDUCATION,,,,,,,,,true,,,Scholarship,State-funded higher-education scholarship for eligible minority students.,,,,
Vahli Dikri Yojana,STATE,Gujarat,Women & Child Development Department,girls|children|education,Lifecycle financial support for eligible girl children.,VERIFIED,https://wcd.gujarat.gov.in/initiative,,2026-09-19,,,FEMALE,,,,Gujarat,true,,,,,,,,,,,,,,,,,,Lifecycle financial assistance,Milestone-based support for eligible girls.,,WCD/local process,,
Ganga Swarupa Financial Aid Scheme,STATE,Gujarat,Women & Child Development Department,widows|pension|financial assistance,Recurring financial assistance for eligible widowed women.,VERIFIED,https://wcd.gujarat.gov.in/posts?id=328,,2026-09-19,,,FEMALE,FAMILY_ANNUAL,,,Gujarat,true,,,,,,,,,,,,true,,,,,Official page states rural and urban income ceilings differ.,Monthly financial assistance,Regular financial aid to eligible widows.,"₹1,250 per month",,,
Ganga Swarupa Punah Lagna Arthik Sahay Scheme,STATE,Gujarat,Women & Child Development Department,widows|remarriage|financial assistance,Financial support to encourage remarriage and rehabilitation of widowed women.,VERIFIED,https://wcd.gujarat.gov.in/initiativedetails?id=234,,2026-09-19,,,FEMALE,,,,Gujarat,true,,,,,,,,,,,REMARRIAGE,true,,,,,,Remarriage assistance,One-time/structured support for eligible remarriage.,,,,
Mukhyamantri Matrushakti Yojana,STATE,Gujarat,Women & Child Development Department,maternity|nutrition|women,Nutrition support for eligible pregnant/lactating women under the state programme.,VERIFIED,https://wcd.gujarat.gov.in/initiative,,2026-09-19,,,FEMALE,,,,Gujarat,true,,,,,,,,,,,,,,,,,Pregnancy/lactation and programme registration conditions apply.,Nutrition assistance,State nutrition support for eligible mothers.,,,,
Poshan Sudha,STATE,Gujarat,Women & Child Development Department,nutrition|women|children,Targeted nutrition support in notified areas/groups.,VERIFIED,https://wcd.gujarat.gov.in/initiative,,2026-09-19,,,,,,,Gujarat,true,,,,,,,,,,,,,,,,,,Nutrition support,Supplementary nutrition under state WCD programme.,,,,
PURNA Scheme,STATE,Gujarat,Women & Child Development Department,adolescent girls|nutrition|empowerment,"Adolescent-girl nutrition, health and empowerment programme.",VERIFIED,https://wcd.gujarat.gov.in/initiative,,2026-09-19,,,FEMALE,,,,Gujarat,true,,,,,,,,,,,,,,,,,,Nutrition|life-skills support,"Nutrition, health awareness and empowerment interventions.",,,,
Doodh Sanjivani Scheme,STATE,Gujarat,Women & Child Development Department,children|nutrition,Milk/nutrition support for eligible children under state WCD programme.,VERIFIED,https://wcd.gujarat.gov.in/initiative,,2026-09-19,,,,,,,Gujarat,true,,,,,,,,,,,,,,,,,,Nutrition support,Milk/nutrition assistance for eligible children.,,,,
Mahila Swavlamban Scheme,STATE,Gujarat,Women & Child Development Department,women|self-employment|livelihood,Financial/self-employment support for eligible women.,VERIFIED,https://wcd.gujarat.gov.in/initiative,,2026-09-19,,,FEMALE,,,,Gujarat,true,,,,ASPIRING SELF-EMPLOYED,,,,,,,,,,,,,,Loan/enterprise assistance,Support for women-led livelihood/self-employment.,,,,
Manav Garima Yojana,STATE,Gujarat,Social Justice & Empowerment Department,SC/OBC welfare|self-employment|livelihood,Tool-kit/self-employment support for eligible disadvantaged beneficiaries.,VERIFIED,https://sje.gujarat.gov.in/dscw/Economic-Upliftment?lang=english,,2026-09-19,,,,,,,Gujarat,true,,,,SELF-EMPLOYMENT,,,,,,,,,,,,,,Tool-kit/livelihood assistance,Occupational tool-kit/support for eligible beneficiaries.,,,,
Kunvarbai Nu Mameru Scheme,STATE,Gujarat,Social Justice & Empowerment Department,marriage assistance|SC/OBC welfare|women,Marriage assistance for eligible women from notified social categories.,VERIFIED,https://sje.gujarat.gov.in/schemes?lang=english,,2026-09-19,,,FEMALE,,,,Gujarat,true,,,,,,,,,,,ELIGIBLE FOR MARRIAGE,,,,,,,Marriage assistance,Financial assistance for qualifying marriages.,,,,
Mai Ramabai Ambedkar Sat Fera Samuh Lagna Yojana,STATE,Gujarat,Social Justice & Empowerment Department,mass marriage|social welfare,State assistance for eligible couples participating in approved mass-marriage events.,VERIFIED,https://sje.gujarat.gov.in/schemes?lang=english,,2026-09-19,,,,,,,Gujarat,true,,,,,,,,,,,ELIGIBLE FOR MARRIAGE,,,,,,,Marriage incentive,Assistance to eligible couples and approved organisers.,,,,
Sarasvati Sadhana Yojana (Free Cycle to SC Girls),STATE,Gujarat,"Director, Scheduled Caste Welfare",students|girls|SC welfare|mobility,Free bicycle support for eligible SC girl students.,VERIFIED,https://sje.gujarat.gov.in/dscw/Sitemap?lang=english,,2026-09-19,,,FEMALE,,,,Gujarat,true,,SC,,,true,CLASS 9,,,,,,,,,,,,Bicycle,Free cycle for eligible girl students.,,,,
State Post-SSC Scholarship to SC Girls,STATE,Gujarat,"Director, Scheduled Caste Welfare",students|SC welfare|scholarship,State scholarship for eligible SC girl students after SSC under the state category.,VERIFIED,https://sje.gujarat.gov.in/assets/downloads/notification_sje1_250522.pdf,,2026-09-19,,,FEMALE,,,,Gujarat,true,,SC,,,true,POST-SSC,,,,,,,,,,,,Scholarship,State-funded post-SSC scholarship for eligible SC girls.,,,,
Divyang Free ST Bus Travel Scheme,STATE,Gujarat,"Director, Social Defense",disability|transport,Free state-transport bus travel for eligible persons with disabilities.,VERIFIED,https://sje.gujarat.gov.in/dsd/Disable-welfare?lang=English,,2026-09-19,,,,,,,Gujarat,true,,,,,,,,,true,,,,,,,,,Transport concession,Free eligible ST bus travel.,,,,
Divyang Sadhan Sahay Yojana,STATE,Gujarat,"Director, Social Defense",disability|assistive devices,Assistive-device support for eligible persons with disabilities.,VERIFIED,https://sje.gujarat.gov.in/dsd/Disable-welfare?lang=English,,2026-09-19,,,,,,,Gujarat,true,,,,,,,,,true,,,,,,,,,Assistive-device assistance,Support for approved disability aids/appliances.,,,,
Sant Surdas Yojana,STATE,Gujarat,"Director, Social Defense",disability|financial assistance,Financial support for eligible persons with disabilities under Gujarat social defence.,VERIFIED,https://sje.gujarat.gov.in/dsd/Disable-welfare?lang=English,,2026-09-19,,,,,,,Gujarat,true,,,,,,,,,true,,,,,,,,,Financial assistance,Recurring/approved financial support.,,,,
Divyang Lagna Sahay Yojana,STATE,Gujarat,"Director, Social Defense",disability|marriage assistance,Marriage assistance for eligible persons with disabilities.,VERIFIED,https://sje.gujarat.gov.in/dsd/Disable-welfare?lang=English,,2026-09-19,,,,,,,Gujarat,true,,,,,,,,,true,,MARRIED/ELIGIBLE,,,,,,,Marriage assistance,Financial incentive/support for qualifying marriage.,,,,
Niradhar Vrudh State Financial Assistance Scheme,STATE,Gujarat,"Director, Social Defense",senior citizens|pension,State financial assistance for eligible destitute elderly residents.,VERIFIED,https://sje.gujarat.gov.in/schemes?lang=english,,2026-09-19,,,,,,,Gujarat,true,,,,,,,,,,,,,,,,,,Pension/financial assistance,Recurring state support for eligible destitute elderly.,,,,
Smart & Precision Farming Assistance Scheme,STATE,Gujarat,"Agriculture, Farmers Welfare & Co-operation Department",farmers|agriculture|technology,Assistance for approved smart/precision-farming devices and components.,VERIFIED,https://ikhedut.gujarat.gov.in/Public/frm_Public_Contacts.aspx,,2026-09-19,,,,,,,Gujarat,true,,,,,,,true,,,,,,,,,,,Agriculture technology subsidy,Support for approved smart/precision-farming equipment.,,iKhedut,,
Grass/Fodder Production Unit Assistance Scheme,STATE,Gujarat,"Agriculture, Farmers Welfare & Co-operation Department",farmers|animal husbandry|fodder,State assistance for establishment of fodder/grass production units in rural areas.,VERIFIED,https://ikhedut.gujarat.gov.in/Public/frm_Public_Contacts.aspx,,2026-09-19,,,,,,,Gujarat,true,,,,,,,true,,,,,,,RURAL,,,,Agriculture/livestock infrastructure assistance,Support for eligible fodder production units.,,iKhedut,,
Sant Sohirobanath Ambiye Dnyanvruddhi Shishyavrutti (Bursary Scheme),STATE,Goa,Education Department,students|scholarship,State bursary support for eligible students.,VERIFIED,https://www.goa.gov.in/policy_downloads/bursary-scheme/,,2026-09-19,,,,,,,Goa,true,,,,,true,,,,,,,,,,,,,Scholarship,Bursary assistance for eligible students.,,,,
Mukhyamantri Samupadeshan Yojana,STATE,Goa,Education Department,students|counselling|education,State counselling/support programme in the education sector.,VERIFIED,https://www.goa.gov.in/government/schemes/,,2026-09-19,,,,,,,Goa,true,,,,,true,,,,,,,,,,,,,Counselling/support,Counselling and related educational support.,,,,
Interest Free Education Loan Scheme for Higher Education,STATE,Goa,Goa Education Development Corporation,students|higher education|education loan,Interest-free education loan support for eligible higher-education students.,VERIFIED,https://www.goa.gov.in/government/schemes/,,2026-09-19,,,,,,,Goa,true,,,,,true,HIGHER EDUCATION,,,,,,,,,,,,Education loan,Interest-free education financing.,,Online/state education corporation,,
Manohar Parrikar Goa Scholars Scheme 2025,STATE,Goa,Higher Education Department,students|merit|higher education,State support for high-performing students selected as Goa Scholars.,VERIFIED,https://www.goa.gov.in/government/schemes/,,2026-09-19,,,,,,,Goa,true,,,,,true,HIGHER EDUCATION,,,,,,,,,,,,Scholarship/academic support,Merit-based higher-education support.,,,,
Chief Minister's Kaushalya Path Scheme (CMKPS),STATE,Goa,Skill Development & Entrepreneurship Department,skill development|employment,Short-term skill and recognition-of-prior-learning programme.,VERIFIED,https://www.goa.gov.in/government/schemes/,,2026-09-19,,,,,,,Goa,true,,,,TRAINEE,,,,,,,,,,,,,,Skill training,Short-term training and RPL certification.,,,,
Gagan Bharari Shiksha Yojana - ST,STATE,Goa,Directorate of Tribal Welfare,students|ST welfare|education,State education support for eligible ST students.,VERIFIED,https://cmscholarship.goa.gov.in/SchemesDetails.aspx,,2026-09-19,,,,,,,Goa,true,,ST,,,true,,,,,,,,,,,,,Education assistance,State scholarship/education support for ST students.,,,,
Merit Based Scholarship Scheme - ST,STATE,Goa,Directorate of Tribal Welfare,students|ST welfare|merit,Merit-based award for eligible ST students.,VERIFIED,https://cmscholarship.goa.gov.in/SchemesDetails.aspx,,2026-09-19,,,,,,,Goa,true,,ST,,,true,,,,,,,,,,,,,Merit scholarship,Merit-linked scholarship/award.,,,,
Home Nursing Scholarship Scheme - ST,STATE,Goa,Directorate of Tribal Welfare,students|ST welfare|health education,Scholarship for eligible ST students pursuing home-nursing training.,VERIFIED,https://cmscholarship.goa.gov.in/SchemesDetails.aspx,,2026-09-19,,,,,,,Goa,true,,ST,,,true,HOME NURSING,,,,,,,,,,,,Scholarship,Education support for home-nursing studies.,,,,
Kanya Dhan Scheme - SC,STATE,Goa,Directorate of Social Welfare,girls|SC welfare|education,State assistance for eligible SC girl students.,VERIFIED,https://cmscholarship.goa.gov.in/SchemesDetails.aspx,,2026-09-19,,,FEMALE,,,,Goa,true,,SC,,,true,,,,,,,,,,,,,Education/financial assistance,State support under Kanya Dhan.,,,,
Saral Vidya Sahay Scheme - SC (V to VIII),STATE,Goa,Directorate of Social Welfare,students|SC welfare|school education,School education assistance for eligible SC students in classes V-VIII.,VERIFIED,https://cmscholarship.goa.gov.in/SchemesDetails.aspx,,2026-09-19,,,,,,,Goa,true,,SC,,,true,CLASS 5-8,,,,,,,,,,,,Education assistance,State school-level financial support.,,,,
Free Laptop Scheme ITG,STATE,Goa,"Department of Information Technology, Electronics & Communications",students|digital access,Free laptop support for eligible students under state IT programme.,VERIFIED,https://cmscholarship.goa.gov.in/SchemesDetails.aspx,,2026-09-19,,,,,,,Goa,true,,,,,true,,,,,,,,,,,,,Laptop/device,Laptop assistance to eligible students.,,,,
Stipend to Disabled Students,STATE,Goa,Department of Empowerment of Persons with Disabilities,students|disability|scholarship,Stipend for eligible students with disabilities.,VERIFIED,https://cmscholarship.goa.gov.in/SchemesDetails.aspx,,2026-09-19,,,,,,,Goa,true,,,,,true,,,,true,,,,,,,,,Stipend,Education stipend for students with disabilities.,,,,
Scholarship for Disabled Students,STATE,Goa,Department of Empowerment of Persons with Disabilities,students|disability|scholarship,Scholarship support for eligible students with disabilities.,VERIFIED,https://cmscholarship.goa.gov.in/SchemesDetails.aspx,,2026-09-19,,,,,,,Goa,true,,,,,true,,,,true,,,,,,,,,Scholarship,Education scholarship for disabled students.,,,,
Children of Widow Scheme,STATE,Goa,Chief Minister Welfare Portal / Social Welfare,children|widow families|social welfare,Financial welfare support for eligible children of widowed mothers.,VERIFIED,https://cmwelfare.goa.gov.in/,,2026-09-19,,,,,,,Goa,true,,,,,,,,,,,,,,,,Child of an eligible widow under portal rules.,,Financial assistance,Digitized state welfare assistance.,,,,
Dayanand Social Security Scheme,STATE,Goa,Directorate of Social Welfare,pension|social security,"State social-security assistance for eligible elderly, widows and persons with disabilities under scheme categories.",LIKELY_ACTIVE,https://www.goa.gov.in/government/schemes/,,2026-09-19,,,,,,,Goa,true,,,,,,,,,,,,,,,,,,Pension/social assistance,Recurring social-security assistance.,,,,Official Goa scheme page still lists the scheme; category-specific current rates should be refreshed.
Deen Dayal Swasthya Seva Yojana,STATE,Goa,Health Department,health|insurance,State health coverage programme for eligible Goa residents.,LIKELY_ACTIVE,https://www.goa.gov.in/government/schemes/,,2026-09-19,,,,,,,Goa,true,,,,,,,,,,,,,,,,,,Health coverage,Cashless/insured treatment benefits subject to programme rules.,,,,Official Goa scheme repository lists the programme; latest empanelment/coverage rules should be checked.
Atal Asra Yojana,STATE,Goa,Tribal Welfare / Social Welfare,housing|tribal welfare,Housing construction/reconstruction/repair assistance for eligible beneficiaries.,LIKELY_ACTIVE,https://www.goa.gov.in/government/schemes/,,2026-09-19,,,,,,,Goa,true,,,,,,,,,,,,,,,,,,Housing assistance,Financial support for eligible housing works.,,,,Official Goa scheme repository continues to publish the state scheme; detailed current ceiling needs review.
Assistance for Purchase of Agriculture Inputs Scheme,STATE,Goa,Directorate of Agriculture,farmers|agriculture|inputs,State assistance for eligible farmers purchasing approved agricultural inputs.,LIKELY_ACTIVE,https://www.goa.gov.in/government/schemes/,,2026-09-19,,,,,,,Goa,true,,,,,,,true,,,,,,,,,,,Input subsidy,Assistance for approved farm inputs.,,,,
Assistance for Community Farming and Promotion of Organic Farming Scheme,STATE,Goa,Directorate of Agriculture,farmers|organic farming|community farming,Support for group/community farming and organic agriculture.,LIKELY_ACTIVE,https://www.goa.gov.in/government/schemes/,,2026-09-19,,,,,,,Goa,true,,,,,,,true,,,,,,,,,,,Agriculture subsidy/support,Support for community and organic farming activities.,,,,
Shetkari Adhar Nidhi / Assistance for Fencing,STATE,Goa,Directorate of Agriculture,farmers|farm protection|financial assistance,State farmer support including fencing-related assistance under revised scheme provisions.,LIKELY_ACTIVE,https://www.goa.gov.in/government/schemes/,,2026-09-19,,,,,,,Goa,true,,,,,,,true,,,,,,,,,,,Farm protection assistance,Support for approved fencing/farmer-relief components.,,,,Official agriculture downloads retain revised scheme documents; exact currently-open component should be checked.
Mahtari Vandan Yojana,STATE,Chhattisgarh,Women & Child Development Department,women|financial assistance,Monthly financial assistance for eligible women in Chhattisgarh.,VERIFIED,https://jansampark.cg.gov.in/dprnewsportal/NewsDetails.aspx?param=h3j%2F5zb0qaeOaX9KjLO3kw%3D%3D&type=TQwAi5bC7eg%3D,,2026-09-19,,,FEMALE,,,,Chhattisgarh,true,,,,,,,,,,,,,,,,,,DBT cash assistance,Monthly support for eligible women.,"₹1,000 per month",Online/Anganwadi/local body,,
Krishak Unnati Yojana,STATE,Chhattisgarh,Agriculture Development & Farmer Welfare Department,farmers|agriculture|income support,State assistance intended to raise farm income and encourage crop diversification/investment.,VERIFIED,https://jansampark.cg.gov.in/,,2026-09-19,,,,,,,Chhattisgarh,true,,,FARMER,,,,true,,,,,,,,,,,Agricultural input/income assistance,State support tied to eligible crop/farmer registration conditions.,,,,
Mukhyamantri Kanya Vivah Yojana,STATE,Chhattisgarh,Women & Child Development Department,marriage assistance|women,Marriage support for eligible couples/women through state-supported marriage programmes.,VERIFIED,https://jansampark.cg.gov.in/dprnewsportal/NewsDetails.aspx?param=wGGTSxXTHjE32dZnzkOUTg%3D%3D&type=TQwAi5bC7eg%3D,,2026-09-19,18,,FEMALE,,,,Chhattisgarh,true,,,,,,,,,,,ELIGIBLE FOR MARRIAGE,,,,,,,Marriage assistance,State financial/in-kind support for qualifying marriage.,,,,
Mukhyamantri SC/ST Vidyarthi Utkarsh Yojana,STATE,Chhattisgarh,Tribal & Scheduled Caste Development Department,students|SC/ST welfare|education,Residential/quality-school education opportunity for selected SC/ST students.,VERIFIED,https://tribal.cg.gov.in/node/2829,,2026-09-19,,,,,,,Chhattisgarh,true,,SC|ST,,,true,,,,,,,,,,,,,Education support,Admission/support in selected quality educational institutions.,,,,
Mukhyamantri Bal Bhavishya Suraksha Yojana (Prayas),STATE,Chhattisgarh,Tribal & Scheduled Caste Development Department,students|residential education|SC/ST welfare,Residential education and competitive preparation support through Prayas schools.,VERIFIED,https://tribal.cg.gov.in/,,2026-09-19,,,,,,,Chhattisgarh,true,,,,,true,,,,,,,,,,,,,Residential education,"Schooling, hostel and academic support.",,,,
Rajiv Yuva Utthan Yojana,STATE,Chhattisgarh,Tribal & Scheduled Caste Development Department,competitive exams|SC/ST/OBC welfare|coaching,Coaching/preparation support for eligible youth for competitive examinations.,VERIFIED,https://tribal.cg.gov.in/,,2026-09-19,,,,,,,Chhattisgarh,true,,,,,COMPETITIVE EXAM CANDIDATE,,,,,,,,,,,,,Coaching support,State-supported competitive exam coaching.,,,,
Civil Services Protsahan Yojana,STATE,Chhattisgarh,Tribal & Scheduled Caste Development Department,competitive exams|financial assistance,Incentive/support for eligible reserved-category civil-services aspirants.,VERIFIED,https://www.tribal.cg.gov.in/civil-services-incentive-scheme-rules,,2026-09-19,,,,,,,Chhattisgarh,true,,,,,COMPETITIVE EXAM CANDIDATE,,,,,,,,,,,,,Exam incentive,Financial incentive linked to civil-services examination stages.,,,,
Yuva Career Nirman Yojana,STATE,Chhattisgarh,Tribal & Scheduled Caste Development Department,youth|career training,Career-development support for eligible youth from target communities.,VERIFIED,https://tribal.cg.gov.in/various-departmental-plans,,2026-09-19,,,,,,,Chhattisgarh,true,,,,YOUTH,,,,,,,,,,,,,,Training/career support,Career-oriented training/support.,,,,
Chief Minister Employment Generation Programme,STATE,Chhattisgarh,Rural Industry Department,entrepreneurship|self-employment|rural industry,State enterprise finance programme for eligible residents starting rural/micro enterprises.,VERIFIED,https://uat-ed.cgstate.gov.in/instractionPageNew.do?lang=en&serviceId=337,,2026-09-19,,,,,,,Chhattisgarh,true,,,,ASPIRING ENTREPRENEUR,,,,,,,,,,,,,,Enterprise loan/subsidy,Credit-linked assistance for eligible projects.,,Sewa Setu/Lok Seva Kendra,,
Minimata Mahtari Jatan Yojana,STATE,Chhattisgarh,Labour Department / BOCW Board,labour|maternity,Maternity assistance for eligible registered construction workers/families.,VERIFIED,https://jansampark.cg.gov.in/dprnewsportal/NewsDetails.aspx?param=iNCmSbtmIoc%3D&type=TQwAi5bC7eg%3D,,2026-09-19,,,,,,,Chhattisgarh,true,,,REGISTERED CONSTRUCTION WORKER,,,,,,,,,,,,,,,Maternity assistance,Financial maternity support.,,,,
Mukhyamantri Cycle Sahayata Yojana (Construction Workers),STATE,Chhattisgarh,Labour Department / BOCW Board,labour|mobility,Bicycle assistance for eligible registered construction workers.,VERIFIED,https://jansampark.cg.gov.in/dprnewsportal/NewsDetails.aspx?param=iNCmSbtmIoc%3D&type=TQwAi5bC7eg%3D,,2026-09-19,,,,,,,Chhattisgarh,true,,,REGISTERED CONSTRUCTION WORKER,,,,,,,,,,,,,,,Bicycle assistance,Cycle support for eligible workers.,,,,
Mukhyamantri Shramik Auzar Sahayata Yojana,STATE,Chhattisgarh,Labour Department / BOCW Board,labour|tools|livelihood,Tool assistance for eligible registered workers.,VERIFIED,https://jansampark.cg.gov.in/dprnewsportal/NewsDetails.aspx?param=iNCmSbtmIoc%3D&type=TQwAi5bC7eg%3D,,2026-09-19,,,,,,,Chhattisgarh,true,,,REGISTERED CONSTRUCTION WORKER,,,,,,,,,,,,,,,Tool assistance,Tools/equipment support for work.,,,,
Mukhyamantri Silai Machine Sahayata Yojana,STATE,Chhattisgarh,Labour Department / BOCW Board,labour|women|self-employment,Sewing-machine assistance for eligible worker households/beneficiaries.,VERIFIED,https://jansampark.cg.gov.in/dprnewsportal/NewsDetails.aspx?param=iNCmSbtmIoc%3D&type=TQwAi5bC7eg%3D,,2026-09-19,,,,,,,Chhattisgarh,true,,,,,,,,,,,,,,,,,,Equipment assistance,Sewing machine support for eligible beneficiaries.,,,,
Mukhyamantri Naunihal Chhatravritti Yojana,STATE,Chhattisgarh,Labour Department / BOCW Board,labour|students|scholarship,Education scholarship for children of eligible registered construction workers.,VERIFIED,https://jansampark.cg.gov.in/dprnewsportal/NewsDetails.aspx?param=iNCmSbtmIoc%3D&type=TQwAi5bC7eg%3D,,2026-09-19,,,,,,,Chhattisgarh,true,,,REGISTERED CONSTRUCTION WORKER/DEPENDENT,,true,,,,,,,,,,,,,Scholarship,Education assistance for workers' children.,,,,
Mukhyamantri Noni Babu Medhavi Shiksha Sahayata Yojana,STATE,Chhattisgarh,Labour Department / BOCW Board,labour|students|merit,Merit-linked education support for children of eligible workers.,VERIFIED,https://jansampark.cg.gov.in/dprnewsportal/NewsDetails.aspx?param=iNCmSbtmIoc%3D&type=TQwAi5bC7eg%3D,,2026-09-19,,,,,,,Chhattisgarh,true,,,REGISTERED CONSTRUCTION WORKER/DEPENDENT,,true,,,,,,,,,,,,,Merit education assistance,Financial support for meritorious children of workers.,,,,
Mukhyamantri Nirman Mazdoor Suraksha Upkaran Sahayata Yojana,STATE,Chhattisgarh,Labour Department / BOCW Board,labour|safety equipment,Safety-equipment assistance for registered construction workers.,VERIFIED,https://jansampark.cg.gov.in/dprnewsportal/NewsDetails.aspx?param=iNCmSbtmIoc%3D&type=TQwAi5bC7eg%3D,,2026-09-19,,,,,,,Chhattisgarh,true,,,REGISTERED CONSTRUCTION WORKER,,,,,,,,,,,,,,,Safety equipment,Approved protective/safety equipment support.,,,,
Mukhyamantri Nirman Shramik Mrityu Evam Divyang Sahayata Yojana,STATE,Chhattisgarh,Labour Department / BOCW Board,labour|death assistance|disability,Death and disability assistance for registered construction workers/families.,VERIFIED,https://jansampark.cg.gov.in/dprnewsportal/NewsPopup.aspx?param=IALHsVr4XsiH%2F9lTydNbNQ%3D%3D&type=TQwAi5bC7eg%3D,,2026-09-19,,,,,,,Chhattisgarh,true,,,REGISTERED CONSTRUCTION WORKER,,,,,,,,,,,,,,,Death/disability assistance,Financial support after qualifying death/disability event.,,,,
Mukhyamantri Noni Sashaktikaran Sahayata Yojana,STATE,Chhattisgarh,Labour Department / BOCW Board,labour|girls|financial assistance,Financial empowerment assistance for eligible daughters of construction-worker families.,VERIFIED,https://jansampark.cg.gov.in/dprnewsportal/NewsDetails.aspx?param=iNCmSbtmIoc%3D&type=TQwAi5bC7eg%3D,,2026-09-19,,,FEMALE,,,,Chhattisgarh,true,,,REGISTERED CONSTRUCTION WORKER/DEPENDENT,,,,,,,,,,,,,,,Financial assistance,Support for eligible daughters of worker families.,,,,
Mukhyamantri Shramik Siyan Sahayata Yojana,STATE,Chhattisgarh,Labour Department / BOCW Board,labour|senior workers|financial assistance,Assistance for eligible older/retired-age construction workers.,VERIFIED,https://jansampark.cg.gov.in/dprnewsportal/NewsDetails.aspx?param=iNCmSbtmIoc%3D&type=TQwAi5bC7eg%3D,,2026-09-19,,,,,,,Chhattisgarh,true,,,REGISTERED CONSTRUCTION WORKER,,,,,,,,,,,,,,,Financial assistance,Support for eligible senior workers.,,,,
Mukhyamantri Nirman Shramik Awas Sahayata Yojana,STATE,Chhattisgarh,Labour Department / BOCW Board,labour|housing,Housing assistance for eligible registered construction workers.,VERIFIED,https://jansampark.cg.gov.in/dprnewsportal/NewsDetails.aspx?param=iNCmSbtmIoc%3D&type=TQwAi5bC7eg%3D,,2026-09-19,,,,,,,Chhattisgarh,true,,,REGISTERED CONSTRUCTION WORKER,,,,,,,,,,,,,,,Housing assistance,Financial support for eligible worker housing.,,,,
Jharkhand Mukhyamantri Maiya Samman Yojana,STATE,Jharkhand,"Women, Child Development & Social Security Department",women|financial assistance,State income-support programme for eligible women.,VERIFIED,https://www.jharkhand.gov.in/?t=1444306470000&version=1.0,,2026-09-19,,,FEMALE,,,,Jharkhand,true,,,,,,,,,,,,,,,,,,DBT cash assistance,Recurring financial support to eligible women.,,State portal/local camps,,
Savitribai Phule Kishori Samriddhi Yojana,STATE,Jharkhand,"Women, Child Development & Social Security Department",girls|students|education,Milestone-based education and empowerment assistance for girls from class 8 through age 18-19.,VERIFIED,https://savitribaipksy.jharkhand.gov.in/about,,2026-09-19,,,FEMALE,,,,Jharkhand,true,,,,,true,CLASS 8-12 / AGE 18-19,,,,,,,,,,,,Education/lifecycle cash assistance,Class-wise grants plus age-18/19 one-time assistance.,"₹2,500–₹20,000 by stage",Online,https://savitribaipksy.jharkhand.gov.in/,
Guruji Student Credit Card Scheme,STATE,Jharkhand,Higher & Technical Education Department,students|higher education|education loan,Subsidised higher-education loan for eligible Jharkhand students.,VERIFIED,https://www.jharkhand.gov.in/PDirectorate/SchemeList?directorate=cb9cedf50ee60f59d168ebfff812a261,,2026-09-19,,,,,,,Jharkhand,true,,,,,true,HIGHER EDUCATION,,,,,,,,,,,,Education loan,Subsidised education credit.,Loan up to ₹15 lakh at 4% simple interest,,,
Manki Munda Scholarship Yojana,STATE,Jharkhand,Higher & Technical Education Department,students|scholarship,State scholarship for eligible students under the Manki Munda programme.,VERIFIED,https://jharkhand.gov.in/PDepartment/HTESankalpList,,2026-09-19,,,,,,,Jharkhand,true,,,,,true,,,,,,,,,,,,,Scholarship,Higher/technical education scholarship.,,,,Official 2026 amendment confirms current operation; detailed revised thresholds should be read from notification.
Marang Gomke Jaipal Singh Munda Overseas Scholarship,STATE,Jharkhand,"ST, SC, Minority & Backward Class Welfare Department",students|ST welfare|overseas education,Overseas higher-education scholarship for selected eligible students under state welfare rules.,VERIFIED,https://www.jharkhand.gov.in/welfare,,2026-09-19,,,,,,,Jharkhand,true,,,,,true,OVERSEAS HIGHER EDUCATION,,,,,,,,,,,,Overseas scholarship,State support for selected overseas study.,,,,
Eklavya Prashikshan Yojana,STATE,Jharkhand,Higher & Technical Education Department,competitive exams|coaching,Free coaching/support for eligible students preparing for government competitive examinations.,VERIFIED,https://www.jharkhand.gov.in/PDirectorate/SchemeList?directorate=cb9cedf50ee60f59d168ebfff812a261,,2026-09-19,,,,,,,Jharkhand,true,,,,,COMPETITIVE EXAM CANDIDATE,,,,,,,,,,,,,Free coaching,Coaching for UPSC/JPSC/SSC/Railways/Banking and similar exams.,,,,
Mukhyamantri Shiksha Protsahan Yojana,STATE,Jharkhand,Higher & Technical Education Department,students|entrance exams|coaching,Free coaching and support for eligible students preparing for professional entrance examinations.,VERIFIED,https://www.jharkhand.gov.in/PDirectorate/SchemeList?directorate=cb9cedf50ee60f59d168ebfff812a261,,2026-09-19,,,,,,,Jharkhand,true,,,,,true,,,,,,,,,,,,,Free coaching|study support,"Coaching for engineering, medical, law and other professional entrance exams.",,,,
CM Fellowship Programme,STATE,Jharkhand,Higher & Technical Education Department,students|research|fellowship,State fellowship support for eligible higher-education/research candidates.,VERIFIED,https://cm.jharkhand.gov.in/node/16026,,2026-09-19,,,,,,,Jharkhand,true,,,,,true,HIGHER EDUCATION/RESEARCH,,,,,,,,,,,,Fellowship,Research/higher-education fellowship support.,,,,
Balmiki Scholarship Yojana,STATE,Jharkhand,Higher & Technical Education Department,students|scholarship,State scholarship programme reviewed as an operating higher-education welfare scheme.,VERIFIED,https://cm.jharkhand.gov.in/node/16026,,2026-09-19,,,,,,,Jharkhand,true,,,,,true,,,,,,,,,,,,,Scholarship,Education financial assistance.,,,,Current 2026 CM review confirms scheme operation; detailed eligibility should be refreshed from department circular.
Mukhyamantri Rojgar Srijan Yojana,STATE,Jharkhand,"ST, SC, Minority & Backward Class Welfare Department",entrepreneurship|self-employment|social welfare,Collateral-free subsidised enterprise finance for eligible SC/ST/OBC/minority youth.,VERIFIED,https://finance.jharkhand.gov.in/pdf/JES_ExecutiveSummary2025_26.pdf,,2026-09-19,,,,,,,Jharkhand,true,,SC|ST|OBC|MINORITY,,ASPIRING ENTREPRENEUR,,,,,,,,,,,,,,Enterprise loan/subsidy,Collateral-free business finance with state subsidy.,Loan up to ₹25 lakh; subsidy up to 40% reported in Economic Survey,,,
Abua Awas Yojana,STATE,Jharkhand,Rural Development Department,housing|rural welfare,State-funded pucca housing for eligible homeless/poor families outside adequate central housing coverage.,VERIFIED,https://cm.jharkhand.gov.in/sites/default/files/press-release/2024-11/Press_Release_3-18-10-2023%2528English%2529.pdf,,2026-09-19,,,,,,,Jharkhand,true,,,,,,,,,,,,,,RURAL,,,,Housing assistance,State-funded pucca house support.,,,,
Mukhyamantri Abua Swasthya Suraksha Yojana,STATE,Jharkhand,Health Department,health|insurance,State health-protection programme with beneficiary identification and e-card issuance.,VERIFIED,https://bis.jharkhand.gov.in/,,2026-09-19,,,,,,,Jharkhand,true,,,,,,,,,,,,,,,,,,Health coverage,State health insurance/assurance for eligible beneficiaries.,,Online/e-KYC,https://bis.jharkhand.gov.in/,
Birsa Harit Gram Yojana,STATE,Jharkhand,Rural Development Department,rural livelihoods|horticulture|employment,Orchard/tree-based livelihood programme implemented through rural development convergence.,LIKELY_ACTIVE,https://finance.jharkhand.gov.in/pdf/Budget_2024_25/Executive_Summary_2023_24.pdf,,2026-09-19,,,,,,,Jharkhand,true,,,,,,,,,,,,,,RURAL,,,,Livelihood asset/employment,Horticulture/tree plantation livelihood assets and wage work.,,,,
Neelambar Pitambar Jal Samridhi Yojana,STATE,Jharkhand,Rural Development Department,water conservation|rural development,Water-conservation and land-treatment works supporting rural livelihoods.,LIKELY_ACTIVE,https://finance.jharkhand.gov.in/pdf/Economic_Survey_2020_21/JES_Executive_Summary_2020_21.pdf,,2026-09-19,,,,,,,Jharkhand,true,,,,,,,,,,,,,,RURAL,,,,Water/livelihood infrastructure,Water conservation and rural asset creation.,,,,Genuine state programme; current 2026 scheme-specific page was not surfaced.
Veer Shaheed Poto Ho Khel Vikas Yojana,STATE,Jharkhand,Rural Development / Sports,youth|sports|rural development,Rural sports-field infrastructure and youth engagement programme.,LIKELY_ACTIVE,https://www.jharkhand.gov.in/PDepartment/ViewDocument?id=D032DO005SD002217072023050521009,,2026-09-19,,,,,,,Jharkhand,true,,,,,,,,,,,,,,RURAL,,,,Sports infrastructure,Village-level sports-field development.,,,,Documented state programme; 2026-specific continuation source not surfaced.
Integrated Poultry Development Scheme,STATE,Jharkhand,Animal Husbandry Directorate,animal husbandry|women|livelihood,State poultry-development programme supporting rural livelihoods and women-linked poultry enterprise.,VERIFIED,https://animalhusbandry.jharkhand.gov.in/state-schemes/,,2026-09-19,,,,,,,Jharkhand,true,,,POULTRY/LIVESTOCK FARMER,,,,,,,,,,,,,,,Livestock enterprise support,Poultry infrastructure/production livelihood support.,,,,
Backyard / Low Input Layer Poultry Farming Scheme,STATE,Jharkhand,Animal Husbandry Directorate,animal husbandry|rural livelihood,Cluster-based backyard layer-poultry support for rural households.,VERIFIED,https://animalhusbandry.jharkhand.gov.in/state-schemes/,,2026-09-19,,,,,,,Jharkhand,true,,,LIVESTOCK/POULTRY FARMER,,,,,,,,,,,RURAL,,,,Poultry assistance,Support for backyard egg production units.,,,,
Broiler Poultry Unit Scheme,STATE,Jharkhand,Animal Husbandry Directorate,animal husbandry|self-employment,Broiler poultry units for rural livestock farmers to generate additional income.,VERIFIED,https://animalhusbandry.jharkhand.gov.in/state-schemes/,,2026-09-19,,,,,,,Jharkhand,true,,,LIVESTOCK/POULTRY FARMER,,,,,,,,,,,RURAL,,,,Poultry unit assistance,Support for broiler units.,,,,
Duckling Distribution Scheme,STATE,Jharkhand,Animal Husbandry Directorate,animal husbandry|rural livelihood,Duckling distribution for eligible rural poor families to diversify egg/meat income.,VERIFIED,https://animalhusbandry.jharkhand.gov.in/state-schemes/,,2026-09-19,,,,,,,Jharkhand,true,,,LIVESTOCK FARMER,,,,,,,,,,,RURAL,,,,Livestock distribution,Distribution of ducklings to eligible households.,,,,
Paravet Training Scheme,STATE,Jharkhand,Animal Husbandry Directorate / JSIA,skill development|animal husbandry|employment,Residential training for eligible educated unemployed youth as paravets.,VERIFIED,https://animalhusbandry.jharkhand.gov.in/jsia-govt-schemes/,,2026-09-19,18,40,,,,,Jharkhand,true,,,,UNEMPLOYED/YOUTH,,INTERMEDIATE PASS (priority to Biology),,,,,,,,,,,,Skill training|kit,Free residential paravet training with kit after successful completion.,,,,
SUBHADRA,STATE,Odisha,Women & Child Development Department,women|financial assistance,Flagship state financial-assistance programme for eligible women.,VERIFIED,https://ssepd.odisha.gov.in/en,,2026-09-19,,,FEMALE,,,,Odisha,true,,,,,,,,,,,,,,,,,,DBT financial assistance,State income-support payments to eligible women.,,,,
CM KISAN,STATE,Odisha,Agriculture & Farmers' Empowerment Department,farmers|income support,State farmer welfare/income-support scheme including notified farmer categories.,VERIFIED,https://agri.odisha.gov.in/en/schemes-agriculture/agriculture/cm-kisan,,2026-09-19,,,,,,,Odisha,true,,,,,,,true,,,,,,,,,,,Farmer financial assistance,State financial assistance to eligible farmers; includes notified urban-farmer inclusion.,,,,
Krishi Vidya Nidhi Scholarship,STATE,Odisha,Agriculture & Farmers' Empowerment Department,students|farm families|scholarship,Education scholarship linked to eligible farm families under CM KISAN framework.,VERIFIED,https://agri.odisha.gov.in/en/schemes-agriculture/agriculture/cm-kisan,,2026-09-19,,,,,,,Odisha,true,,,,,true,,,,,,,,,,,,,Scholarship,Education support for eligible farmer-family students.,,,,
Mukhyamantri Krushi Udyog Yojana (MKUY),STATE,Odisha,Agriculture & Farmers' Empowerment Department,agriculture|entrepreneurship|MSME,Capital-investment and credit-linked support for agriculture and allied-sector enterprises.,VERIFIED,https://agri.odisha.gov.in/en/schemes/state-sector-scheme/mukhyamantri-krushi-udyog-yojana,,2026-09-19,,,,,,,Odisha,true,,,,AGRI-ENTREPRENEUR,,,,,,,,,,,,,,Capital subsidy/credit support,Support for eligible agriculture/allied enterprises.,,,,
BALARAM,STATE,Odisha,Agriculture & Farmers' Empowerment Department,landless farmers|credit|livelihood,Credit/livelihood model for landless agricultural labourers and cultivators.,VERIFIED,https://agri.odisha.gov.in/en/schemes-agriculture/agriculture/BALARAM,,2026-09-19,,,,,,,Odisha,true,,,LANDLESS AGRICULTURIST/AGRICULTURAL LABOUR,,,,,,,,,,,,,,,Credit/livelihood support,Institutional credit access through group-based model.,,,,
Samrudha Krushak Yojana,STATE,Odisha,Agriculture & Farmers' Empowerment Department,farmers|agriculture|income support,State agriculture programme listed in the current agriculture-schemes catalogue.,VERIFIED,https://agri.odisha.gov.in/en/schemes-agriculture/agriculture,,2026-09-19,,,,,,,Odisha,true,,,,,,,true,,,,,,,,,,,Agriculture financial/support assistance,Farmer support under notified current guidelines.,,,,
Shree Anna Abhiyan,STATE,Odisha,Agriculture & Farmers' Empowerment Department,farmers|millets|agriculture,"State millet-focused programme promoting production, value chains and consumption.",VERIFIED,https://agri.odisha.gov.in/en/schemes-agriculture/agriculture,,2026-09-19,,,,,,,Odisha,true,,,,,,,true,,,,,,,,,,,Agriculture support,Millet cultivation/value-chain support.,,,,
Promotion of Indigenous Aromatic & Non-aromatic Paddy Scheme,STATE,Odisha,Agriculture & Farmers' Empowerment Department,farmers|paddy|market linkage,Support for indigenous paddy varieties with export/local-market potential.,VERIFIED,https://agri.odisha.gov.in/en/schemes-agriculture/agriculture,,2026-09-19,,,,,,,Odisha,true,,,,,,,true,,,,,,,,,,,Crop promotion support,Input/market-linked support for notified indigenous paddy.,,,,
Financial Assistance to Cold Storage Scheme,STATE,Odisha,Agriculture & Farmers' Empowerment Department,agriculture infrastructure|entrepreneurship,State financial assistance for eligible cold-storage investment.,VERIFIED,https://agri.odisha.gov.in/en/policies-and-packages,,2026-09-19,,,,,,,Odisha,true,,,,ENTREPRENEUR/ENTITY,,,,,,,,,,,,,,Capital assistance,Financial support for eligible cold-storage infrastructure.,,,,
Madhu Babu Pension Yojana,STATE,Odisha,Social Security & Empowerment of Persons with Disabilities Department,pension|senior citizens|widows|disability,"State pension covering eligible elderly, widows, disabled persons and specified vulnerable groups.",VERIFIED,https://ssepd.odisha.gov.in/en/schemes-programmes/schemes/madhu-babu-pension-yojna-mbpy,,2026-09-19,60,,,FAMILY_ANNUAL,,24000,Odisha,true,,,,,,,,,,,,,,,,,"Also covers widows, specified persons with disabilities/leprosy/AIDS under scheme rules irrespective of the generic age path.",Pension,Monthly social-security pension.,,,,
Marriage Incentive for Persons with Disabilities,STATE,Odisha,SSEPD Department,disability|marriage assistance,Marriage incentive for eligible persons with disabilities.,VERIFIED,https://ssepd.odisha.gov.in/en/schemes-programme/ssedp-schemes,,2026-09-19,,,,,,,Odisha,true,,,,,,,,,true,,MARRIED,,,,,,,Marriage incentive,Financial incentive for qualifying marriage.,,,,
Free Laptop for Visually Impaired Students,STATE,Odisha,SSEPD Department,students|disability|digital access,Free laptop assistance for eligible visually impaired students.,VERIFIED,https://ssepd.odisha.gov.in/en/schemes-programme/ssedp-schemes,,2026-09-19,,,,,,,Odisha,true,,,,,true,,,,VISUAL IMPAIRMENT,,,,,,,,,Laptop/device,Free laptop for eligible visually impaired students.,,,,
Banishree Scholarship,STATE,Odisha,SSEPD Department,students|disability|scholarship,Scholarship support for eligible students with disabilities.,VERIFIED,https://ssepd.odisha.gov.in/en/schemes-programme/ssedp-schemes,,2026-09-19,,,,,,,Odisha,true,,,,,true,,,,true,,,,,,,,,Scholarship,Education scholarship from primary level upward under scheme categories.,,,,
Bhima Bhoi Bhinnakshyama Samarthya Abhiyan (BBSA),STATE,Odisha,SSEPD Department,disability|assistive services,Comprehensive support/assistive-services programme for persons with disabilities.,VERIFIED,https://ssepd.odisha.gov.in/en/schemes-programme/ssedp-schemes,,2026-09-19,,,,,,,Odisha,true,,,,,,,,,true,,,,,,,,,Assistive/rehabilitation support,"Aids, appliances and disability-support services.",,,,
SAHAYA,STATE,Odisha,SSEPD Department,destitute|rehabilitation|social welfare,"Protection, care and rehabilitation scheme for beggars and destitute persons.",VERIFIED,https://ssepd.odisha.gov.in/en/schemes-programme/ssedp-schemes,,2026-09-19,,,,,,,Odisha,true,,,,,,,,,,,,,,,,,,Care/rehabilitation,Institutional/community rehabilitation and support.,,,,
DISHAA,STATE,Odisha,SSEPD Department,substance abuse|rehabilitation,Rehabilitation initiative for victims of substance abuse.,VERIFIED,https://ssepd.odisha.gov.in/en/schemes-programme/ssedp-schemes,,2026-09-19,,,,,,,Odisha,true,,,,,,,,,,,,,,,,,,Rehabilitation services,Treatment/rehabilitation support through approved service framework.,,,,
ABADANA,STATE,Odisha,SSEPD Department,senior citizens|social welfare,Welfare and protection programme for senior citizens.,VERIFIED,https://ssepd.odisha.gov.in/en/schemes-programme/ssedp-schemes,,2026-09-19,,,,,,,Odisha,true,,,,,,,,,,,,,,,,,,Senior-citizen welfare services,"Protection, care and welfare interventions.",,,,
Sweekruti,STATE,Odisha,SSEPD Department,transgender welfare|social inclusion,"State scheme promoting transgender equality, justice and welfare.",VERIFIED,https://ssepd.odisha.gov.in/en/schemes-programme/ssedp-schemes,,2026-09-19,,,,,,,Odisha,true,,,,,,,,,,,,,,,,,,Welfare/empowerment assistance,Support for social protection and empowerment of transgender persons.,,,,
Skill Development Training for PwDs,STATE,Odisha,SSEPD Department,disability|skill development|employment,Skill-development training for eligible persons with disabilities.,VERIFIED,https://ssepd.odisha.gov.in/en/schemes-programme/ssedp-schemes,,2026-09-19,,,,,,,Odisha,true,,,,TRAINEE/JOB SEEKER,,,,,true,,,,,,,,,Skill training,Vocational and employability training.,,,,
Umbrella Scheme for Rehabilitation of Cured Leprosy Persons,STATE,Odisha,SSEPD Department,leprosy|rehabilitation|social welfare,Rehabilitation support for cured leprosy-affected persons.,VERIFIED,https://ssepd.odisha.gov.in/en/schemes-programme/ssedp-schemes,,2026-09-19,,,,,,,Odisha,true,,,,,,,,,LEPROSY-AFFECTED/CURED,,,,,,,,,Rehabilitation support,Social/economic rehabilitation measures.,,,,
Annapurna Yojana,STATE,West Bengal,Women & Child Development and Social Welfare Department,women|financial assistance,Monthly financial assistance for eligible women residents.,VERIFIED,https://wb.gov.in/government-schemes-details-annaapurna-yojana.aspx,,2026-09-19,25,60,FEMALE,,,,West Bengal,true,,,,,,,,,,,,,,,,,"Must not be permanent government employee, income-tax payer or illegal immigrant.",DBT cash assistance,Monthly financial support.,"₹3,000 per month",Online/offline,https://socialregistry.wb.gov.in/,
Banglar Yuba Sathi,STATE,West Bengal,State Government / Youth Employment,unemployment|youth|financial assistance,Monthly assistance for eligible educated unemployed youth.,VERIFIED,https://cm.wb.gov.in/ncmo/Public/Scheme_Master.aspx,,2026-09-19,21,40,,,,,West Bengal,true,,,,UNEMPLOYED EDUCATED YOUTH,,,,,,,,,,,,,,Monthly financial assistance,Temporary support until employment/other scheme enrollment or maximum scheme period.,"₹1,500 per month",,,
Student Internship Programme 2024,STATE,West Bengal,Higher Education Department,students|internship|employment,Paid internship opportunities in government offices/local bodies for eligible students.,VERIFIED,https://cm.wb.gov.in/ncmo/Public/Scheme_Master.aspx,,2026-09-19,,40,,,,,West Bengal,true,,,,,true,UNDERGRADUATE|ITI|POLYTECHNIC,,,,,,,,,,,Minimum 60% in qualifying/preliminary examination per CMO scheme page.,Internship stipend,Government internship with practical work exposure.,"₹10,000 per month",,,
Aikyashree,STATE,West Bengal,Minority Affairs & Madrasah Education Department,students|minority welfare|scholarship,State scholarship umbrella for eligible minority students.,VERIFIED,https://cm.wb.gov.in/ncmo/Public/Scheme_Master.aspx,,2026-09-19,,,,,,,West Bengal,true,,,,,true,,,,,,,,,,true,,,Scholarship,Education financial assistance across eligible levels.,,,,
Utkarsh Bangla,STATE,West Bengal,"Technical Education, Training & Skill Development",skill development|employment,Placement-linked short-term skill training for youth.,VERIFIED,https://cm.wb.gov.in/ncmo/Public/Scheme_Master.aspx,,2026-09-19,,,,,,,West Bengal,true,,,,TRAINEE/JOB SEEKER,,,,,,,,,,,,,,Skill training,Placement-linked vocational training.,,,,
Bangla Abash Yojana,STATE,West Bengal,Panchayat & Rural Development / Housing,housing|rural welfare,State housing support for underprivileged families lacking adequate homes.,VERIFIED,https://cm.wb.gov.in/ncmo/Public/Scheme_Master.aspx,,2026-09-19,,,,,,,West Bengal,true,,,,,,,,,,,,,,,,,,Housing assistance,Support for stable housing to eligible families.,,,,
Karmashree,STATE,West Bengal,Panchayat & Rural Development Department,employment|rural development,State programme guaranteeing a targeted number of wage-employment days to eligible job-card households.,VERIFIED,https://cm.wb.gov.in/ncmo/Public/Scheme_Master.aspx,,2026-09-19,,,,,,,West Bengal,true,,,,RURAL JOB-CARD HOUSEHOLD,,,,,,,,,,RURAL,,,,Wage employment,State-funded wage-employment opportunities.,Target of at least 50 days per household per financial year,,,
Lokprasar Prakalpo,STATE,West Bengal,Information & Cultural Affairs Department,artists|pension|livelihood,"Identity, retainer/pension and engagement support for eligible folk artists.",VERIFIED,https://cm.wb.gov.in/ncmo/Public/Scheme_Master.aspx,,2026-09-19,,,,,,,West Bengal,true,,,FOLK ARTIST,,,,,,,,,,,,,,,Honorarium/pension|work engagement,Support for veteran/distressed and active folk artists.,,,,
Chaa Sundari Extension Scheme,STATE,West Bengal,Labour Department / Housing,tea workers|housing,Financial assistance for eligible tea-garden workers to build houses on allotted land.,VERIFIED,https://cm.wb.gov.in/ncmo/Public/Scheme_Master.aspx,,2026-09-19,,,,,,,West Bengal,true,,,TEA GARDEN WORKER,,,,,,,,,,,,,,,Housing assistance,House-construction assistance.,"₹1,20,000",,,
Swami Vivekananda Merit-cum-Means Scholarship (SVMCM),STATE,West Bengal,Higher Education Department,students|scholarship|higher education,Merit-cum-means scholarship for eligible students from economically weaker families.,VERIFIED,https://cm.wb.gov.in/ncmo/Public/Scheme_Master.aspx,,2026-09-19,,,,,,,West Bengal,true,,,,,true,CLASS 11 TO POSTGRADUATE,,,,,,,,,,,,Scholarship,Merit-cum-means support for regular study.,,,,
Sabuj Sathi,STATE,West Bengal,School Education Department,students|mobility|school education,Free bicycles for eligible students in government/government-aided schools.,VERIFIED,https://cm.wb.gov.in/ncmo/Public/Scheme_Master.aspx,,2026-09-19,,,,,,,West Bengal,true,,,,,true,CLASS 9-12,,,,,,,,,,,,Bicycle,Free bicycle for school mobility.,,,,
Duare Ration,STATE,West Bengal,Food & Supplies Department,food security,Doorstep delivery of ration items to beneficiaries covered under Khadya Sathi.,VERIFIED,https://cm.wb.gov.in/ncmo/Public/Scheme_Master.aspx,,2026-09-19,,,,,,,West Bengal,true,,,,,,,,,,,,,,,,,,Food delivery,Doorstep ration delivery for eligible ration beneficiaries.,,,,
Samobyathi,STATE,West Bengal,Panchayat & Rural Development / Municipal Affairs,funeral assistance|social welfare,One-time assistance to poor families for cremation/burial expenses.,VERIFIED,https://cm.wb.gov.in/ncmo/Public/Scheme_Master.aspx,,2026-09-19,,,,,,,West Bengal,true,,,,,,,,,,,,,,,,Claim by next of kin/nearest family member of deceased.,,Funeral assistance,One-time support for cremation/burial.,,,,
Taruner Swapna,STATE,West Bengal,School Education Department,students|digital access,One-time grant for eligible class 11/12 students to buy digital devices.,VERIFIED,https://cm.wb.gov.in/ncmo/Public/Scheme_Master.aspx,,2026-09-19,,,,FAMILY_ANNUAL,,200000,West Bengal,true,,,,,true,CLASS 11-12,,,,,,,,,,,,Device purchase grant,Grant for smartphone/tablet/PC.,"₹10,000 one-time",,,
Bangla Shasya Bima,STATE,West Bengal,Agriculture Department,farmers|crop insurance,Wholly state-funded crop insurance for eligible farmers.,VERIFIED,https://cm.wb.gov.in/ncmo/Public/Scheme_Master.aspx,,2026-09-19,,,,,,,West Bengal,true,,,,,,,true,,,,,,,,,,,Crop insurance,Insurance compensation for notified crop losses.,,,,
Yogyashree Scheme,STATE,West Bengal,Backward Classes Welfare / State Government,students|coaching|competitive exams,"Free training/coaching support for students preparing for engineering, medical and government-service examinations.",VERIFIED,https://cm.wb.gov.in/ncmo/Public/Scheme_Master.aspx,,2026-09-19,,,,,,,West Bengal,true,,,,,true,,,,,,,,,,,,,Free coaching,Coaching for JEE/medical/other competitive examinations.,,,,
Khadya Sathi,STATE,West Bengal,Food & Supplies Department,food security|PDS,State food-security programme providing subsidised/free foodgrain access to eligible households.,VERIFIED,https://cm.wb.gov.in/ncmo/Public/Scheme_Master.aspx,,2026-09-19,,,,,,,West Bengal,true,,,,,,,,,,,,,,,,,,Food security/PDS,Foodgrain entitlement through state ration system.,,,,
Lakshmir Bhandar,STATE,West Bengal,Women & Child Development and Social Welfare Department,women|financial assistance,Monthly income-support programme for adult women.,VERIFIED,https://wcdsw.wb.gov.in/cw/duare-sarkar-campaign/,,2026-09-19,,,FEMALE,,,,West Bengal,true,,,,,,,,,,,,,,,,,,DBT cash assistance,Assured monthly financial support.,,,,
Rupashree Prakalpa,STATE,West Bengal,Women & Child Development and Social Welfare Department,women|marriage assistance,One-time grant to economically stressed families for adult daughters' marriages.,VERIFIED,https://wcdsw.wb.gov.in/cw/duare-sarkar-campaign/,,2026-09-19,18,,FEMALE,,,,West Bengal,true,,,,,,,,,,,ELIGIBLE FOR MARRIAGE,,,,,,,Marriage assistance,One-time marriage grant.,"₹25,000",,,
Kanyashree Prakalpa,STATE,West Bengal,Women & Child Development and Social Welfare Department,girls|students|education,Cash-transfer programme encouraging girls to remain in education and delay marriage.,VERIFIED,https://wcdsw.wb.gov.in/cw/duare-sarkar-campaign/,,2026-09-19,13,,FEMALE,,,,West Bengal,true,,,,,true,,,,,,UNMARRIED,,,,,,,Education/lifecycle cash assistance,Annual incentive plus one-time grant after age 18 subject to conditions.,,,,
